-114
-70
-72
-12
-33
10
-24
-4
52
82
201
312
348
432
410
404
518
610
586
617
611
605
545
565
499
437
454
471
488
475
467
459
451
413
321
285
267
263
214
220
171
153
113
116
90
66
142
185
228
264
269
256
285
314
317
345
341
342
338
358
374
390
387
388
408
461
514
503
522
507
501
468
463
495
527
547
603
596
565
553
577
571
565
559
553
547
546
545
539
587
605
622
639
637
654
647
645
638
636
634
627
621
634
641
634
636
623
616
570
564
558
513
445
374
364
294
248
231
214
201
161
145
143
127
93
71
33
32
14
13
12
-1
-39
-91
-95
-88
-135
-156
-202
-247
-259
-316
-428
-547
-609
-677
-747
-747
-771
-788
-780
-815
-806
-852
-884
-930
-891
-853
-815
-777
-770
-733
-692
-622
-593
-635
-640
-611
-582
-576
-580
-614
-649
-642
-635
-628
-621
-614
-672
-665
-693
-686
-679
-672
-668
-694
-687
-680
-673
-683
-676
-647
-640
-633
-626
-633
-626
-619
-626
-606
-613
-606
-631
-624
-631
-638
-623
-681
-717
-763
-788
-740
-708
-741
-765
-795
-787
-779
-771
-763
-792
-784
-776
-768
-760
-752
-744
-736
-728
-720
-712
-704
-696
-689
-682
-675
-668
-661
-654
-647
-640
-633
-626
-672
-665
-658
-651
-644
-636
-595
-589
-665
-721
-713
-801
-792
-812
-803
-809
-800
-727
-738
-694
-702
-683
-656
-618
-675
-651
-603
-587
-569
-536
-549
-520
-471
-466
-445
-440
-443
-453
-477
-448
-443
-524
-507
-528
-604
-679
-754
-746
-778
-837
-887
-913
-903
-928
-918
-969
-1036
-1109
-1097
-1187
-1234
-1330
-1316
-1409
-1394
-1479
-1464
-1572
-1556
-1540
-1524
-1508
-1492
-1477
-1462
-1447
-1432
-1417
-1402
-1387
-1373
-1359
-1345
-1331
-1317
-1303
-1289
-1400
-1385
-1465
-1450
-1435
-1420
-1405
-1390
-1376
-1362
-1348
-1334
-1320
-1306
-1292
-1279
-1266
-1253
-1240
-1227
-1214
-1332
-1404
-1389
-1375
-1361
-1347
-1333
-1319
-1305
-1291
-1377
-1363
-1462
-1447
-1593
-1577
-1561
-1651
-1758
-1882
-1863
-1995
-1975
-1955
-1935
-1915
-1895
-1876
-1857
-1960
-1940
-1920
-1900
-1880
-2012
-2149
-2127
-2105
-2083
-2102
-2080
-2059
-2195
-2296
-2273
-2250
-2227
-2204
-2340
-2316
-2428
-2403
-2448
-2423
-2398
-2373
-2349
-2325
-2301
-2277
-2254
-2292
-2269
-2406
-2381
-2357
-2421
-2396
-2506
-2535
-2509
-2483
-2458
-2433
-2408
-2383
-2395
-2371
-2347
-2323
-2299
-2275
-2252
-2229
-2206
-2183
-2161
-2139
-2117
-2095
-2074
-2053
-2032
-2011
-1990
-1970
-2105
-2070
-2083
-2094
-2073
-2052
-2078
-2057
-2036
-2084
-2065
-2044
-2023
-2002
-1981
-1961
-1914
-1894
-1875
-1874
-1831
-1812
-1793
-1827
-1854
-1877
-1876
-1857
-1838
-1900
-1880
-1861
-1842
-1823
-1804
-1863
-1932
-1912
-1892
-1873
-1854
-1835
-1816
-1835
-1816
-1797
-1779
-1770
-1752
-1734
-1716
-1698
-1681
-1664
-1633
-1616
-1599
-1636
-1619
-1642
-1625
-1638
-1621
-1551
-1560
-1544
-1528
-1509
-1516
-1506
-1490
-1514
-1555
-1539
-1502
-1486
-1471
-1456
-1441
-1426
-1411
-1396
-1382
-1368
-1431
-1416
-1478
-1463
-1450
-1413
-1398
-1384
-1331
-1317
-1303
-1289
-1276
-1263
-1250
-1198
-1186
-1174
-1244
-1231
-1215
-1202
-1189
-1173
-1161
-1149
-1137
-1125
-1113
-1101
-1091
-1069
-1066
-1112
-1186
-1174
-1221
-1308
-1353
-1339
-1416
-1401
-1541
-1525
-1509
-1493
-1478
-1463
-1448
-1433
-1418
-1403
-1388
-1374
-1360
-1346
-1332
-1318
-1304
-1400
-1563
-1600
-1583
-1707
-1689
-1672
-1655
-1638
-1651
-1634
-1647
-1630
-1613
-1541
-1544
-1528
-1502
-1442
-1427
-1412
-1397
-1383
-1369
-1355
-1341
-1327
-1313
-1299
-1255
-1239
-1226
-1213
-1200
-1187
-1175
-1163
-1151
-1139
-1127
-1115
-1103
-1091
-1037
-1036
-1025
-1014
-1035
-1010
-1025
-1014
-1003
-1045
-1034
-1023
-1002
-991
-981
-971
-961
-951
-1100
-1088
-1077
-1158
-1146
-1134
-1122
-1222
-1159
-1147
-1135
-1123
-1111
-1099
-1087
-1052
-1069
-1058
-1047
-1036
-1025
-1014
-1003
-992
-982
-972
-962
-952
-942
-932
-922
-912
-902
-892
-883
-845
-836
-827
-721
-767
-769
-761
-753
-745
-717
-709
-701
-693
-686
-632
-625
-618
-611
-604
-629
-586
-580
-574
-568
-562
-556
-550
-544
-502
-474
-469
-464
-459
-417
-412
-425
-314
-310
-306
-302
-298
-295
-285
-179
-177
-39
-30
-29
-28
6
143
141
139
137
135
133
131
129
127
125
123
121
119
117
115
113
111
109
107
105
167
165
163
161
274
271
268
265
262
259
440
435
503
497
522
516
638
631
624
617
610
544
568
562
556
550
579
573
717
709
701
693
658
556
550
544
538
532
526
520
514
508
502
496
491
579
573
567
582
576
570
564
558
552
546
540
623
688
681
674
667
660
653
646
639
632
625
618
611
604
597
591
585
579
573
567
561
555
549
543
537
531
525
519
513
507
501
495
490
485
480
475
671
664
657
650
728
720
712
704
696
689
682
675
668
661
654
581
575
574
568
554
375
371
367
363
359
254
205
125
123
121
-32
-31
-6
-5
-4
-3
-2
-1
0
0
0
0
0
0
0
0
0
0
0
57
100
98
97
96
95
94
122
120
204
201
198
279
269
266
229
136
134
132
130
81
80
79
78
80
79
105
103
101
99
98
97
96
127
125
123
121
119
116
114
164
162
123
121
119
117
115
113
111
148
146
144
142
140
160
168
166
164
162
102
138
119
117
115
113
111
150
148
257
254
251
248
188
117
30
29
28
6
-5
-4
-3
-2
-1
0
0
0
0
0
0
-18
-109
-107
-105
-162
-128
-126
-124
-122
-202
-275
-321
-321
-390
-474
-469
-529
-611
-604
-597
-664
-617
-610
-636
-669
-687
-680
-721
-713
-662
-734
-726
-718
-704
-696
-698
-739
-731
-732
-772
-821
-851
-842
-908
-1078
-1136
-1255
-1411
-1651
-1666
-1904
-2053
-2209
-2218
-2226
-2261
-2296
-2304
-2329
-2414
-2389
-2440
-2527
-2501
-2475
-2530
-2590
-2615
-2738
-2710
-2803
-2890
-2967
-2966
-2941
-2940
-2933
-2908
-2901
-2916
-2892
-2938
-3000
-2969
-2939
-3031
-3137
-3105
-3113
-3090
-3059
-3028
-3012
-3053
-3060
-3029
-3012
-3019
-3026
-2995
-3003
-2995
-3028
-3092
-3162
-3168
-3136
-3136
-3239
-3357
-3323
-3289
-3256
-3223
-3226
-3260
-3349
-3422
-3500
-3554
-3530
-3494
-3505
-3451
-3595
-3635
-3647
-3634
-3624
-3692
-3730
-3744
-3749
-3765
-3716
-3671
-3634
-3572
-3528
-3688
-3833
-3937
-4017
-4142
-4272
-4305
-4360
-4313
-4282
-4239
-4127
-4037
-4035
-3994
-3896
-3860
-3671
-3619
-3472
-3437
-3347
-3229
-3109
-3002
-2976
-2874
-2707
-2679
-2602
-2456
-2405
-2276
-2160
-2089
-1921
-1748
-1617
-1516
-1385
-1356
-1203
-1069
-942
-822
-726
-718
-507
-359
-355
-351
-347
-172
33
191
376
521
633
863
1022
1101
1253
1471
1555
1695
1840
1945
1962
1942
1982
2153
2241
2382
2491
2653
2802
2773
2926
3069
3223
3338
3438
3531
3667
3813
3969
4111
4228
4358
4506
4665
4774
4932
5032
5059
5075
5209
5299
5392
5452
5589
5729
5861
5968
6129
6202
6366
6428
6516
6594
6652
6812
7018
7144
7072
7197
7294
7220
7275
7343
7397
7439
7486
7521
7594
7663
7730
7819
7906
7979
8065
8143
8225
8306
8386
8461
8564
8696
8792
8885
8998
9096
9168
9210
9265
9411
9451
9524
9428
9482
9623
9637
9639
9744
9811
9712
9839
9928
9981
10037
10222
10384
10513
10634
10807
10936
10996
11013
11100
11123
11191
11246
11239
11317
11364
11337
11413
11507
11576
11649
11733
11848
11889
11849
11941
12073
12179
12208
12322
12413
12499
12617
12713
12801
12815
12837
12942
12996
12964
12999
13004
13012
13076
13064
13101
13097
13122
13185
13189
13192
13189
13192
13189
13148
13115
13119
13129
13046
13019
12970
12934
12994
12957
12976
12931
12923
12965
12909
12948
12896
12957
13000
12994
12896
12915
12929
12914
12881
12817
12749
12681
12746
12753
12690
12682
12647
12585
12524
12440
12357
12275
12249
12076
12029
11950
11793
11748
11704
11683
11627
11575
11524
11502
11543
11581
11701
11733
11688
11611
11534
11578
11511
11467
11369
11403
11442
11371
11264
11218
11157
11149
11100
11044
11077
11061
11045
10934
10915
10881
10935
10975
10865
10812
10766
10737
10784
10851
10803
10823
10766
10846
10854
10854
10881
10896
10870
10813
10803
10665
10560
10489
10478
10381
10307
10202
10141
10074
10058
10011
9966
9999
10055
10110
10232
10291
10369
10445
10528
10568
10518
10473
10344
10334
10251
10275
10363
10350
10371
10391
10470
10557
10434
10464
10429
10408
10445
10507
10598
10630
10461
10313
10222
10131
10090
9947
9847
9803
9744
9671
9684
9674
9632
9600
9503
9494
9485
9464
9479
9458
9450
9497
9488
9467
9501
9531
9557
9547
9525
9451
9498
9524
9597
9592
9587
9657
9664
9641
9699
9601
9608
9561
9446
9363
9378
9346
9438
9487
9453
9474
9476
9393
9377
9407
9300
9253
9172
9153
9153
9041
8997
9054
9086
9095
9070
9054
9039
9060
9028
9019
9049
9055
9060
9158
9191
9195
9071
9062
9048
9096
9113
9163
9264
9325
9367
9380
9440
9468
9516
9420
9463
9482
9481
9511
9545
9576
9569
9623
9648
9593
9598
9630
9667
9672
9575
9566
9613
9632
9572
9476
9381
9333
9363
9269
9299
9343
9337
9356
9357
9306
9212
9208
9164
9034
8975
8859
8764
8676
8699
8664
8577
8577
8577
8645
8676
8720
8632
8545
8459
8509
8423
8436
8351
8316
8334
8369
8304
8234
8141
8073
8029
7919
7892
7814
7767
7686
7609
7532
7456
7381
7307
7233
7143
7115
7026
6962
6899
6841
6728
6683
6641
6579
6475
6410
6353
6329
6265
6202
6139
6077
6025
5964
5904
5818
5780
5744
5696
5638
5661
5688
5631
5623
5566
5513
5466
5411
5345
5291
5238
5168
5105
5036
4985
4909
4859
4810
4743
4739
4691
4644
4597
4550
4540
4519
4462
4385
4364
4320
4305
4290
4276
4233
4255
4264
4218
4175
4133
4107
4073
4034
3989
3949
3868
3834
3795
3795
3894
3895
3920
3880
3984
4117
4128
4133
4092
4099
4071
4079
4063
4184
4265
4222
4336
4454
4469
4449
4429
4416
4397
4377
4363
4338
4290
4267
4260
4230
4187
4158
4159
4117
4094
4049
4008
4026
4004
3978
3875
3783
3709
3609
3453
3333
3214
3181
3149
3117
2975
2835
2696
2586
2560
2401
2266
2133
2018
1927
1819
1694
1519
1379
1232
1097
964
832
826
742
757
680
699
692
621
614
532
526
520
466
395
405
492
487
518
512
506
500
494
489
484
479
474
469
464
459
454
449
340
281
278
324
361
357
216
225
131
129
182
235
251
248
243
240
237
234
231
228
273
270
315
311
311
355
351
358
354
350
440
468
463
458
503
497
492
487
509
503
552
546
540
534
617
542
536
530
455
450
445
440
435
472
491
486
481
476
471
466
529
505
460
455
443
438
433
428
423
330
326
322
318
314
264
273
270
267
302
313
309
305
301
297
294
291
303
299
301
297
294
291
288
285
282
279
256
253
250
247
244
241
238
235
232
229
226
239
196
135
32
31
30
29
28
27
-160
-158
-156
-154
-152
-150
-148
-146
-330
-326
-322
-318
-314
-310
-306
-302
-298
-295
-292
-289
-286
-400
-512
-506
-500
-619
-612
-681
-674
-667
-660
-653
-646
-639
-632
-625
-618
-611
-604
-597
-591
-585
-802
-1016
-1005
-994
-984
-974
-964
-954
-944
-934
-924
-914
-904
-894
-885
-876
-867
-858
-849
-840
-831
-822
-813
-804
-795
-787
-779
-771
-763
-755
-747
-739
-731
-723
-715
-707
-699
-692
-685
-678
-671
-664
-657
-650
-643
-636
-629
-622
-615
-608
-601
-594
-588
-582
-576
-570
-564
-558
-552
-546
-540
-534
-528
-522
-516
-510
-504
-498
-493
-488
-483
-478
-473
-468
-463
-458
-453
-448
-443
-438
-433
-428
-423
-418
-413
-408
-403
-398
-394
-390
-386
-612
-766
-758
-750
-742
-734
-726
-718
-810
-823
-814
-805
-796
-788
-780
-772
-764
-756
-748
-740
-909
-1052
-1041
-1030
-1019
-1008
-997
-987
-977
-967
-957
-947
-937
-927
-917
-907
-897
-888
-879
-928
-1010
-1025
-1080
-1086
-1075
-1058
-1047
-1102
-1090
-1079
-1068
-1057
-1099
-1087
-1076
-1071
-1060
-1073
-1062
-1051
-1094
-1083
-1116
-1104
-1153
-1203
-1266
-1253
-1240
-1227
-1214
-1201
-1188
-1176
-1164
-1152
-1140
-1128
-1116
-1104
-1092
-1081
-1070
-1064
-1053
-1006
-995
-985
-975
-965
-955
-945
-935
-925
-915
-905
-895
-886
-877
-868
-859
-850
-841
-832
-787
-685
-617
-610
-603
-596
-590
-584
-578
-572
-566
-560
-554
-548
-559
-595
-589
-583
-577
-571
-565
-559
-496
-527
-521
-515
-573
-508
-502
-496
-491
-486
-481
-476
-471
-466
-461
-456
-582
-666
-659
-652
-645
-638
-631
-624
-617
-610
-603
-596
-590
-584
-578
-572
-719
-645
-638
-631
-624
-617
-610
-707
-760
-752
-744
-736
-728
-720
-712
-704
-696
-689
-682
-675
-668
-661
-654
-647
-640
-633
-626
-619
-612
-605
-598
-668
-661
-654
-827
-818
-809
-800
-791
-783
-775
-767
-759
-751
-743
-735
-727
-719
-711
-703
-695
-688
-681
-674
-667
-660
-653
-823
-814
-805
-926
-916
-906
-896
-887
-878
-869
-860
-851
-842
-833
-824
-852
-949
-1078
-1067
-1195
-1183
-1171
-1159
-1147
-1135
-1123
-1111
-1099
-1087
-1076
-1065
-1202
-1189
-1177
-1170
-1158
-1146
-1134
-1122
-1110
-1098
-1087
-1076
-1065
-1054
-1043
-1032
-1021
-1010
-999
-998
-988
-971
-961
-951
-941
-931
-921
-911
-901
-891
-882
-873
-864
-855
-846
-837
-828
-819
-810
-882
-918
-908
-898
-889
-880
-871
-862
-853
-844
-835
-826
-817
-808
-799
-791
-783
-775
-767
-964
-930
-920
-910
-900
-890
-881
-872
-863
-854
-845
-836
-827
-818
-809
-800
-791
-783
-775
-854
-845
-836
-828
-849
-840
-967
-957
-979
-969
-959
-949
-939
-929
-919
-909
-899
-890
-881
-872
-863
-854
-915
-905
-908
-898
-889
-880
-871
-862
-853
-844
-835
-826
-817
-808
-799
-791
-783
-775
-767
-759
-751
-743
-735
-727
-719
-711
-703
-695
-688
-681
-674
-667
-660
-653
-646
-557
-551
-545
-539
-533
-527
-521
-515
-509
-503
-497
-492
-487
-482
-477
-472
-467
-462
-457
-416
-411
-406
-397
-567
-561
-555
-549
-543
-537
-531
-525
-519
-513
-507
-501
-495
-490
-485
-480
-601
-735
-727
-832
-823
-814
-805
-796
-788
-780
-772
-764
-756
-748
-740
-732
-724
-716
-829
-820
-952
-1070
-1047
-1036
-1025
-1014
-1003
-992
-982
-972
-962
-952
-942
-932
-922
-912
-902
-892
-883
-874
-975
-997
-987
-977
-967
-957
-947
-937
-927
-917
-907
-897
-888
-879
-870
-861
-852
-843
-834
-825
-816
-807
-798
-790
-782
-754
-746
-709
-701
-693
-686
-679
-672
-665
-658
-651
-644
-637
-630
-623
-616
-609
-602
-595
-589
-583
-577
-471
-466
-390
-386
-382
-378
-374
-370
-366
-362
-358
-354
-350
-346
-342
-338
-334
-330
-326
-322
-318
-314
-310
-306
-302
-298
-295
-292
-289
-286
-169
-167
-95
-94
-93
-92
-91
-90
-89
-88
-87
-86
-85
-84
-83
-82
-81
-80
-79
-78
-77
49
204
201
198
196
194
192
190
188
186
184
182
180
173
303
299
296
293
290
287
284
281
210
207
204
201
198
196
194
192
190
188
239
236
324
320
316
312
308
304
300
296
293
290
287
284
281
313
393
389
385
381
377
373
369
365
361
357
353
349
345
341
337
333
329
325
321
317
313
309
305
301
297
294
291
288
285
200
197
154
152
150
148
146
144
142
140
138
205
202
171
169
167
165
163
161
159
157
155
153
151
149
147
145
253
346
342
338
334
330
326
322
318
314
310
306
302
298
295
292
351
313
221
218
215
212
50
49
-7
-6
-5
-4
-3
-150
-212
-209
-206
-203
-200
-197
-195
-193
-191
-189
-187
-185
-183
-181
-179
-232
-221
-218
-215
-212
-209
-206
-203
-200
-197
-195
-193
-191
-227
-303
-427
-554
-548
-542
-536
-652
-694
-802
-793
-785
-777
-769
-882
-1042
-1031
-1160
-1138
-1126
-1114
-1102
-1308
-1294
-1523
-1861
-1842
-1964
-1944
-2065
-2116
-2094
-2120
-2229
-2206
-2183
-2322
-2368
-2344
-2400
-2455
-2433
-2439
-2414
-2389
-2365
-2341
-2392
-2374
-2350
-2360
-2383
-2299
-2318
-2355
-2331
-2307
-2283
-2260
-2237
-2214
-2191
-2169
-2167
-2145
-2190
-2131
-2109
-2088
-2084
-2075
-2043
-2022
-2001
-1980
-1960
-1976
-1950
-1964
-1944
-1927
-1907
-1928
-2021
-2000
-2045
-2058
-2037
-2105
-2180
-2263
-2323
-2299
-2440
-2598
-2617
-2590
-2638
-2685
-2658
-2660
-2747
-2719
-2691
-2737
-2794
-2766
-2738
-2710
-2770
-2742
-2769
-2741
-2691
-2663
-2669
-2673
-2711
-2760
-2831
-2779
-2751
-2723
-2695
-2668
-2641
-2614
-2587
-2511
-2508
-2530
-2504
-2553
-2538
-2512
-2499
-2473
-2357
-2287
-2264
-2136
-2122
-1956
-1959
-1939
-1769
-1601
-1474
-1459
-1444
-1429
-1414
-1399
-1384
-1370
-1356
-1258
-1256
-1150
-1209
-1096
-1038
-980
-970
-892
-799
-721
-470
-235
-232
6
301
601
839
1125
1350
1639
1893
2145
2389
2631
2818
3111
3372
3649
3852
4117
4315
4529
4755
4913
5112
5317
5579
5816
6079
6331
6487
6694
6884
7055
7305
7552
7821
8005
8211
8391
8602
8746
8929
9160
9307
9429
9524
9726
9949
10197
10383
10592
10770
10949
11126
11256
11483
11687
11910
12034
12264
12437
12590
12741
12941
12968
13073
13186
13339
13490
13667
13857
13981
14142
14072
14122
14186
14282
14432
14514
14627
14739
14818
14896
14952
15027
15138
15295
15400
15505
15676
15844
15879
15841
15943
16030
16162
16325
16486
16624
16761
16865
17023
17122
17298
17403
17475
17604
17731
17823
17914
18015
18138
18239
18374
18523
18562
18646
18741
18848
18920
19068
19178
19299
19391
19505
19584
19648
19730
19759
19874
19941
19995
20064
20079
20162
20255
20293
20386
20497
20620
20705
20701
20651
20662
20727
20839
20938
21023
21141
21199
21278
21381
21461
21527
21468
21569
21622
21674
21728
21781
21833
21920
21995
22087
22181
22228
22266
22304
22420
22529
22404
22416
22377
22339
22413
22231
22101
22137
22152
22056
22140
22170
22255
22284
22353
22436
22542
22646
22478
22529
22476
22521
22620
22666
22746
22791
22869
22988
23008
23012
23086
23136
23188
23271
23345
23410
23324
23372
23348
23444
23162
22974
22785
22738
22801
22906
22987
23049
23125
23098
23139
23203
23249
23307
23364
23262
23217
23116
23016
22791
22864
22955
23045
23105
23146
23204
23151
23160
23243
23241
23234
23174
22954
22759
22600
22599
22558
22613
22666
22686
22726
22851
22622
22600
22618
22552
22670
22719
22835
22940
22681
22707
22838
22627
22412
22332
22253
22204
22113
21977
21716
21478
21467
21342
21211
21088
21098
21103
21086
21110
21054
21061
20862
20706
20510
20490
20470
20416
20327
20336
20385
20464
20518
20603
20644
20696
20753
20804
20601
20625
20677
20749
20826
20884
20969
21078
21180
21252
21283
21362
21409
21455
21514
21572
21594
21390
21152
20971
20994
20916
20871
20645
20455
20301
20135
20005
19842
19866
19890
19879
19936
19992
20047
20096
20162
20267
20364
20442
20503
20555
20621
20673
20738
20811
20888
20973
21028
21124
21247
21319
21458
21596
21719
21833
21878
21931
21973
22015
22146
22098
22159
22181
21958
22013
22025
22021
22075
22153
21969
22034
22122
22196
22269
22355
22343
22449
22326
22336
22338
22388
22471
22529
22552
22643
22733
22813
22774
22821
22765
22728
22715
22759
22795
22766
22808
22781
22725
22611
22542
22459
22204
22198
22153
22143
22172
22162
22098
22064
22083
22125
22167
22217
22026
22001
22044
22087
22111
22153
22216
22257
22274
22302
22078
22087
22126
22167
22130
22014
21738
21447
21286
21017
20733
20597
20317
20061
19953
19841
19737
19539
19420
19381
19343
19323
19129
18953
18769
18667
18631
18666
18542
18530
18518
18332
18302
18326
18309
18236
18148
18095
17913
17735
17541
17365
17191
17090
17047
16987
16870
16812
16643
16605
16365
16201
16038
15825
15777
15580
15374
15191
14988
14782
14706
14591
14482
14248
14138
14045
13904
13836
13697
13504
13406
13461
13495
13528
13561
13492
13356
13312
13301
13246
13063
13004
12945
13042
12999
12901
12843
12825
12768
12832
12893
12987
13120
13212
13248
13266
13294
13184
13035
13039
12908
12952
13028
12883
12754
12644
12555
12471
12315
12240
12196
12162
12197
12074
12050
12046
11983
11857
11725
11654
11763
11645
11528
11577
11461
11297
11196
11130
11018
10892
10782
10674
10567
10461
10323
10259
10153
10051
9950
9850
9751
9653
9556
9460
9365
9238
9112
9020
8929
8839
8750
8662
8549
8407
8322
8238
8129
8047
7966
7886
7804
7725
7647
7570
7494
7418
7343
7269
7196
7123
7025
6970
6867
6798
6729
6661
6594
6527
6461
6396
6331
6267
6204
6141
6079
6018
5957
5897
5837
5778
5720
5662
5605
5548
5492
5437
5362
5308
5254
5201
5073
5022
4971
4921
4871
4822
4698
4650
4603
4556
4510
4464
4419
4374
4379
4335
4291
4248
4205
4162
4120
4078
4037
3996
3956
3916
3876
3837
3798
3759
3721
3683
3646
3609
3572
3536
3500
3464
3429
3338
3241
3208
3175
3143
3111
3079
3048
3017
2986
2956
2918
2857
2828
2799
2756
2728
2756
2754
2726
2698
2670
2643
2616
2589
2563
2537
2511
2485
2460
2435
2410
2385
2361
2337
2313
2289
2266
2243
2220
2197
2175
2153
2131
2109
2087
2066
2045
2024
2003
1982
1962
1942
1922
1902
1882
1863
1844
1825
1729
1711
1693
1586
1428
1413
1321
1307
1293
1280
1267
1254
1241
1228
1215
1202
1058
884
875
829
742
734
726
718
710
702
694
687
680
673
666
659
652
645
682
675
760
752
700
692
685
678
671
664
657
683
676
669
662
655
648
641
634
627
620
613
606
599
593
587
581
575
555
549
565
559
514
508
502
496
491
458
453
448
443
438
433
428
423
418
413
408
403
398
394
390
386
382
378
374
370
366
362
358
354
350
346
342
338
334
330
326
322
318
315
325
321
317
313
309
305
301
297
294
291
288
285
282
279
276
273
275
272
322
318
314
310
306
302
298
295
292
289
286
283
280
277
274
271
268
265
262
259
256
253
336
472
467
543
537
531
577
571
565
559
553
547
541
535
529
523
517
511
505
499
494
489
484
479
474
469
464
459
454
449
444
439
434
429
424
419
414
409
404
399
395
391
387
383
379
375
371
367
363
359
355
351
347
343
339
335
331
327
323
319
315
311
307
303
299
296
293
237
328
324
320
316
312
308
304
300
296
293
290
287
284
281
278
275
272
269
266
263
260
257
254
251
248
245
213
266
263
260
257
254
251
248
245
242
239
236
233
230
227
224
221
218
215
212
209
206
203
200
197
195
193
191
189
187
185
183
181
179
177
175
173
171
169
167
165
163
161
159
157
155
153
151
149
147
145
143
141
139
137
135
133
131
129
127
125
123
121
119
117
115
113
111
109
107
105
103
101
99
98
97
96
95
94
93
92
91
90
89
88
87
86
85
84
83
82
81
80
79
78
77
76
75
74
73
72
71
70
69
68
67
66
65
64
63
62
61
60
59
58
57
56
55
54
53
52
51
50
49
48
47
46
45
44
43
42
41
40
39
38
37
36
35
34
33
32
31
30
29
28
27
26
25
24
23
22
21
20
19
18
17
16
15
14
13
12
11
10
9
8
7
6
5
4
3
2
1
0
0
0
0
0
0
0
0
0
0
0
0
0
0
0
0
0
0
0
0
0
0
0
0
0
0
0
0
0
0
0
0
0
0
0
0
0
0
0
0
0
0
0
0
0
0
0
0
0
0
0
0
0
0
0
0
0
0
0
0
0
0
0
0
0
0
0
0
0
0
0
0
0
0
0
0
0
0
0
0
0
0
0
0
0
0
0
0
0
0
0
0
0
0
0
0
0
0
0
0
0
0
0
0
0
0
0
0
0
0
0
0
0
0
0
0
0
0
0
0
0
0
0
0
0
0
0
0
0
0
0
0
0
0
0
0
0
0
0
0
0
0
0
0
0
0
0
0
0
0
0
0
0
0
0
0
0
0
0
0
0
0
0
0
0
0
0
0
0
0
0
0
0
0
0
0
0
0
0
0
0
0
0
0
0
0
0
0
0
0
0
0
0
0
0
0
0
0
0
0
0
0
0
0
0
0
0
0
0
0
0
0
0
0
0
0
0
0
0
0
0
0
0
0
0
0
0
0
0
0
0
0
0
0
0
0
0
0
0
0
0
0
0
0
0
0
0
0
0
0
0
0
0
0
0
0
0
0
0
0
0
0
0
0
0
0
0
0
0
0
0
0
0
0
0
0
0
0
0
0
0
0
0
0
0
0
0
0
0
0
0
0
0
0
0
0
0
0
0
0
0
0
0
0
0
0
0
0
0
0
0
0
0
0
0
0
0
0
0
0
0
0
0
0
0
0
0
0
0
0
0
0
0
0
0
0
0
0
0
0
0
0
0
0
0
0
0
0
0
0
0
0
0
0
0
0
0
0
0
0
0
0
0
0
0
0
0
0
0
0
0
0
0
0
0
0
0
0
0
0
0
0
0
0
0
0
0
0
0
0
0
0
0
0
0
0
0
0
0
0
0
0
0
0
0
0
0
0
0
0
0
0
0
0
0
0
0
0
0
0
0
0
0
0
0
0
0
0
0
0
0
0
0
0
0
0
0
0
0
0
0
0
0
0
0
0
0
0
0
0
0
0
0
0
0
0
0
0
0
0
0
0
0
0
0
0
0
0
0
0
0
0
0
0
0
0
0
0
0
0
0
0
0
0
0
0
0
0
0
0
0
0
56
51
-21
-29
-66
-65
-64
-63
-62
-1
0
-4
-3
67
39
38
37
36
35
34
33
36
25
24
23
22
21
20
19
18
17
58
57
13
-1
-44
4
45
125
123
108
75
74
73
72
71
70
71
79
68
5
4
97
96
149
147
145
143
141
139
93
25
30
-21
-20
-19
-18
-43
-107
-105
-103
-51
-50
-6
-53
-87
-121
-119
-117
-150
-234
-231
-228
-225
-222
-219
-216
-213
-210
-207
-193
-123
-121
-119
-117
-138
-198
-140
-166
-156
-182
-208
-147
-55
36
91
180
155
153
209
264
240
237
234
231
228
306
415
410
405
442
421
617
610
603
596
590
584
578
812
1011
1000
989
1099
1250
1237
1224
1413
1530
1669
1652
1635
1826
2015
2202
2236
2242
2309
2248
2399
2548
2696
2843
2988
3028
3162
3336
3476
3681
3852
4021
4188
4386
4582
4776
5023
5186
5429
5645
5859
6098
6299
6480
6684
6888
7108
7293
7490
7654
7577
7738
7660
7893
8073
8295
8532
8771
8944
9128
9294
9513
9736
9925
10175
10423
10700
10936
11134
11367
11548
11748
11925
11964
12107
12285
12468
12343
12535
12780
12921
13057
13192
13279
13430
13496
13585
13683
13781
13891
13976
14073
14167
14120
14283
14445
14535
14658
14819
14950
15103
15176
15279
15326
15238
15273
15409
15350
15433
15567
15553
15573
15549
15509
15573
15654
15734
15785
15696
15608
15415
15274
15191
15253
15170
15238
15080
15126
15208
15257
15301
15344
15387
15371
15312
15196
15025
14935
14744
14657
14645
14457
14271
14119
14015
13967
13888
13896
13881
13890
13993
13982
14026
13924
14071
14155
14238
14114
13931
13749
13625
13730
13872
14002
14098
14211
14305
14392
14472
14579
14628
14676
14756
14762
14809
14847
14954
15027
15132
15162
15276
15377
15493
15557
15618
15701
15829
15941
16052
16157
16111
16215
16125
16024
16050
15949
15849
15805
15761
15639
15495
15307
15134
14940
14883
14771
14738
14705
14672
14562
14374
14188
14003
13820
13718
13538
13385
13252
13041
12868
12776
12685
12595
12505
12416
12292
12284
12222
12136
12075
12047
12018
11989
11881
11799
11773
11692
11689
11720
11742
11764
11761
11758
11882
12005
12126
12029
12025
12021
12200
12321
12496
12637
12572
12658
12591
12411
12355
12310
12248
12312
12146
12086
12152
12195
12305
12406
12468
12530
12401
12463
12426
12438
12478
12596
12702
12830
12957
13059
13194
13316
13437
13557
13640
13576
13695
13776
13868
13984
14099
14086
14279
14457
14578
14652
14760
14867
14973
14873
14924
14877
14958
15093
15082
14922
15006
15030
15177
15278
15410
15453
15496
15540
15650
15827
15953
16089
16233
16336
16493
16646
16785
16922
17037
17119
17200
17225
17168
17281
17285
17238
17318
17416
17473
17463
17543
17567
17680
17756
17808
17918
18023
18103
17921
18026
17938
17921
18031
18140
18245
18384
18512
18590
18661
18761
18860
18958
19055
19151
19217
19280
19398
19528
19663
19741
19775
19830
19655
19527
19550
19575
19575
19575
19609
19642
19662
19782
19868
19920
19971
20058
20123
20155
20183
20041
20095
20178
20047
20076
20132
20003
19907
19962
20017
20016
20015
20067
20119
19917
20006
20058
20110
20161
20157
20242
20271
20302
20385
20433
20515
20596
20621
20667
20669
20703
20793
20946
21064
21149
21256
21217
21200
21242
21204
21166
21239
21266
21293
21387
21514
21636
21738
21750
21670
21726
21772
21735
21670
21662
21756
21804
21898
21997
22127
22218
22224
22288
22351
22414
22453
22550
22531
22484
22468
22361
22403
22268
22237
22246
22255
22264
22360
22449
22511
22549
22633
22740
22831
22915
23004
23060
23116
23037
23008
23035
23068
23101
22927
22844
22813
22816
22852
22657
22387
22326
22150
22092
22102
22144
22154
22164
22140
22150
22058
22069
22080
22090
22155
22086
22151
22035
21999
22010
22019
22117
22180
22270
22043
22085
22095
22168
22107
22204
22300
22340
22411
22511
22514
22507
22568
22629
22689
22748
22746
22741
22700
22651
22602
22407
22364
22412
22395
22265
22203
22118
21896
21831
21773
21739
21731
21691
21689
21632
21631
21598
21645
21686
21732
21801
21790
21758
21701
21428
21192
21108
21057
21007
20796
20748
20780
20835
20866
20897
20916
20993
20782
20836
20627
20683
20628
20708
20629
20596
20550
20367
20269
20204
20250
20206
20275
20335
20305
20341
20277
20140
20136
20132
20162
20247
20274
20335
20418
20500
20645
20789
20899
20984
21068
20857
20648
20737
20848
20892
20969
21046
20920
20710
20734
20845
20636
20429
20224
20021
19820
19621
19743
19808
19841
19748
19550
19539
19312
19299
19392
19303
19341
19410
19510
19577
19381
19176
18963
18718
18554
18368
18184
17946
17677
17434
17320
17101
16966
16891
16871
16931
16856
16916
16941
16866
16697
16529
16537
16466
16430
16394
16358
16344
16309
16408
16372
16337
16229
15981
15981
15921
15748
15585
15495
15360
15273
15120
14968
14818
14729
14687
14565
14491
14496
14455
14381
14212
14034
13893
13753
13615
13478
13343
13209
13076
12945
12815
12686
12558
12465
12340
12216
12093
11971
11851
11732
11614
11497
11381
11267
11154
11042
10930
10980
10825
10716
10580
10539
10433
10379
10275
10172
10070
10002
10151
10049
9948
9848
9749
9651
9554
9458
9363
9269
9176
9084
8993
8902
9037
9140
9048
8957
8867
8778
8690
8603
8516
8430
8345
8261
8178
8096
8014
7933
7853
7774
7696
7618
7541
7465
7390
7316
7242
7169
7097
7025
6954
6884
6815
6746
6678
6611
6544
6478
6413
6348
6284
6221
6181
6119
6098
6036
5975
5915
5855
5796
5737
5679
5622
5565
5509
5453
5398
5343
5289
5236
5183
5131
5079
5028
4977
4927
4877
4828
4779
4731
4683
4636
4589
4543
4497
4451
4406
4361
4317
4273
4230
4187
4145
4103
4061
4020
3979
3939
3899
3859
3820
3781
3743
3705
3667
3630
3593
3557
3521
3485
3450
3415
3380
3346
3312
3278
3245
3212
3179
3147
3115
3083
3052
3021
2990
2960
2930
2900
2870
2841
2812
2783
2755
2727
2699
2671
2644
2617
2590
2564
2538
2512
2486
2461
2436
2411
2336
2282
2259
2236
2213
2190
2168
2146
2124
2102
2080
2059
2038
2017
1996
1976
1956
1936
1916
1896
1919
1723
1522
1506
1490
1369
1152
1007
996
915
749
741
733
725
717
709
701
693
686
679
672
665
658
651
644
637
630
623
616
609
602
595
589
583
577
571
565
559
553
547
541
535
529
523
517
511
505
499
494
489
484
479
474
469
464
459
454
449
444
439
434
429
424
419
414
409
404
399
395
391
387
383
379
375
371
367
363
359
355
351
347
343
339
335
331
327
323
319
315
311
307
303
299
296
293
290
287
284
281
278
275
272
269
266
263
260
257
254
251
248
245
242
239
236
233
230
227
224
221
218
215
212
209
206
203
200
197
195
193
191
189
187
185
183
181
179
177
175
173
171
169
167
165
163
161
159
157
155
153
151
149
147
145
143
141
139
137
135
133
131
129
127
125
123
121
119
117
115
113
111
109
107
105
103
101
99
98
97
96
95
94
93
92
91
90
89
88
87
86
85
84
83
82
81
80
79
78
77
76
75
74
73
72
71
70
69
68
67
66
65
64
63
62
61
60
59
58
57
56
55
54
53
52
51
50
49
48
47
46
45
44
43
42
41
40
39
38
37
36
35
34
33
32
31
30
29
28
27
26
25
24
23
22
21
20
19
18
17
16
15
14
13
12
11
10
9
8
7
6
5
4
3
2
1
0
0
0
0
0
0
0
0
0
0
0
0
0
0
0
0
0
0
0
0
0
0
0
0
0
0
0
0
0
0
0
0
0
0
0
0
0
0
0
0
0
0
0
0
0
0
0
0
0
0
0
0
0
0
0
0
0
0
0
0
0
0
0
0
0
0
0
0
0
0
0
0
0
-211
-380
-376
-595
-574
-597
-591
-585
-579
-623
-657
-650
-643
-636
-629
-622
-615
-608
-601
-594
-648
-641
-634
-627
-620
-613
-606
-599
-593
-587
-581
-575
-569
-563
-557
-551
-545
-539
-533
-527
-521
-515
-509
-503
-497
-492
-487
-482
-477
-472
-467
-462
-457
-452
-447
-442
-437
-432
-427
-422
-417
-412
-407
-402
-397
-393
-389
-385
-381
-377
-373
-369
-365
-361
-357
-353
-349
-345
-341
-337
-333
-329
-325
-321
-317
-313
-309
-305
-301
-297
-294
-291
-288
-285
-282
-279
-276
-273
-270
-267
-264
-261
-258
-255
-252
-249
-246
-243
-240
-237
-234
-231
-228
-225
-222
-219
-216
-213
-210
-207
-204
-201
-198
-196
-194
-192
-190
-188
-186
-184
-182
-180
-178
-176
-174
-172
-170
-168
-166
-164
-162
-160
-158
-156
-154
-152
-150
-148
-146
-144
-142
-140
-138
-136
-134
-132
-130
-128
-126
-124
-122
-120
-118
-116
-114
-112
-110
-108
-106
-104
-102
-100
-98
-97
-96
-95
-94
-93
-92
-91
-90
-89
-88
-87
-86
-85
-84
-83
-82
-81
-80
-79
-78
-77
-76
-75
-74
-73
-72
-71
-70
-69
-68
-67
-66
-65
-64
-63
-62
-61
-60
-59
-58
-57
-56
-55
-54
-53
-52
-51
-50
-49
-48
-47
-46
-45
-44
-43
-42
-41
-40
-39
-38
-37
-36
-35
-34
-33
-32
-31
-30
-29
-28
-27
-26
-25
-24
-23
-22
-21
-20
-19
-18
-17
-16
-15
-14
-13
-12
-11
-10
-9
-8
-7
-6
-5
-4
-3
-2
-1
0
0
0
0
0
0
0
0
0
0
0
0
0
0
0
0
0
0
0
0
0
0
0
0
0
0
0
0
0
0
0
0
0
0
0
0
0
0
0
0
0
0
0
0
0
0
0
0
0
0
0
0
0
0
0
0
0
0
0
0
0
0
0
0
0
0
0
0
0
0
0
0
0
0
0
0
0
0
0
0
0
0
0
0
0
0
0
0
0
0
0
0
0
0
0
0
0
0
0
0
0
0
0
0
0
0
0
0
0
0
0
0
0
0
-186
-286
-383
-379
-452
-438
-413
-426
-513
-619
-617
-657
-650
-667
-685
-678
-681
-784
-886
-995
-1065
-1158
-1280
-1389
-1443
-1551
-1670
-1806
-1916
-1923
-1998
-2003
-2013
-1990
-1919
-1892
-1835
-1819
-1789
-1760
-1732
-1703
-1557
-1351
-1337
-1247
-1107
-1116
-1128
-1110
-876
-734
-556
-599
-634
-574
-486
-393
-186
-23
120
216
257
336
406
443
487
533
791
1057
1176
1268
1314
1525
1634
1780
1893
1964
1838
1862
1805
1848
1933
2096
2236
2337
2393
2459
2328
2377
2432
2568
2728
2863
3022
3154
3279
3432
3556
3692
3804
3910
4028
4080
4129
4163
4221
4335
4420
4507
4524
4636
4712
4737
4791
4867
4983
5077
5216
5302
5412
5519
5610
5679
5725
5777
5785
5893
5995
6081
6192
6301
6391
6410
6415
6462
6569
6676
6736
6823
6916
7033
7122
7199
7212
7288
7387
7454
7571
7495
7465
7553
7608
7635
7722
7769
7806
7969
7960
8029
8110
8046
8001
7991
8112
8177
8222
8268
8273
8411
8474
8535
8593
8632
8716
8801
8923
8971
9069
9179
9209
9205
9238
9270
9391
9427
9476
9514
9563
9577
9621
9733
9698
9790
9842
9898
9981
10064
10158
10246
10313
10379
10424
10516
10576
10637
10689
10754
10834
10905
10876
10929
10800
10806
10678
10686
10694
10678
10631
10677
10651
10694
10711
10717
10769
10788
10818
10764
10805
10703
10643
10584
10516
10496
10473
10487
10507
10526
10442
10342
10322
10233
10213
10124
10105
10010
9919
9925
9901
9890
9795
9723
9616
9502
9364
9297
9161
9096
8962
8899
8915
8835
8835
8781
8782
8833
8851
8894
8845
8840
8767
8789
8822
8866
8860
8945
8983
9045
9086
9062
9050
8971
9026
9008
9079
9110
9125
9148
9249
9196
9186
9154
9105
9066
8926
8828
8736
8652
8539
8474
8417
8307
8257
8221
8132
8044
7957
7884
7785
7760
7737
7702
7795
7845
7937
8040
8130
8231
8319
8320
8406
8467
8517
8619
8707
8807
8892
9044
9093
9162
9228
9348
9404
9439
9386
9389
9431
9453
9568
9641
9603
9681
9668
9803
9913
10004
10066
10047
10081
9937
9907
9913
9975
10045
10100
10099
10126
10130
10151
10225
10278
10331
10354
10426
10419
10489
10503
10389
10330
10356
10406
10384
10494
10594
10670
10733
10743
10776
10796
10859
10880
10949
10983
11021
11069
11089
11086
11099
11036
11127
11176
11153
11168
11175
11184
11178
11191
11233
11089
11003
10985
11048
10999
10908
10838
10776
10708
10633
10475
10393
10352
10319
10231
10278
10367
10493
10503
10708
10727
10920
11111
11343
11496
11660
11823
11992
12203
12437
12644
12836
12883
12954
13121
13147
13035
13003
12958
12962
12943
12826
12672
12528
12524
12483
12456
12416
12437
12469
12512
12465
12496
12525
12658
12868
13039
13131
13127
13296
13454
13583
13643
13778
13916
14052
14200
14306
14430
14608
14680
14819
14977
14989
15000
15110
15240
15369
15497
15641
15610
15809
15878
16075
16245
16451
16568
16657
16758
16869
16979
17122
17260
17372
17477
17581
17715
17856
17987
18064
18227
18388
18513
18640
18766
18901
19034
19141
19122
19095
18894
18750
18517
18286
18105
17913
17827
17638
17598
17581
17486
17491
17398
17231
17104
17013
16923
16913
16903
16820
16756
16712
16644
16600
16549
16500
16360
16277
16274
16303
16330
16361
16271
16136
16055
15975
15998
15941
15885
15776
15669
15617
15620
15568
15549
15543
15496
15510
15578
15650
15685
15719
15752
15596
15486
15412
15394
15338
15315
15295
15271
15210
15214
15201
15188
15175
15162
15100
15047
14993
14950
14965
14985
14919
14940
14954
14945
14880
15003
15010
15126
15290
15439
15622
15665
15809
15964
16118
15997
15940
16034
16242
16436
16646
16814
17014
17248
17444
17591
17498
17674
17716
17793
17823
17775
17943
17868
17945
17772
17925
17926
17783
17654
17787
17977
17965
18154
18341
18492
18434
18366
18335
18236
18270
18283
18142
18005
17776
17567
17428
17292
17186
17081
17003
16912
16901
16799
16723
16652
16517
16383
16202
16068
16016
15908
15839
15848
15894
15920
15964
16008
16051
16085
16093
15999
15867
15794
15641
15593
15546
15500
15454
15354
15177
15008
14840
14752
14643
14538
14454
14376
14427
14357
14335
14258
14260
14264
14206
14070
14038
13963
13831
13699
13568
13426
13316
13188
13061
12930
12794
12665
12545
12413
12301
12208
12098
11934
11821
11696
11554
11441
11295
11150
11007
10847
10689
10598
10587
10528
10411
10325
10274
10221
10130
10040
9915
9791
9668
9599
9502
9406
9305
9205
9106
9014
8917
8821
8760
8666
8613
8554
8468
8411
8303
8247
8229
8188
8148
8074
8001
7962
7924
7852
7781
7711
7641
7572
7504
7436
7399
7301
7265
7200
7127
7086
7023
6983
6944
6874
6839
6838
6780
6780
6746
6712
6689
6690
6625
6556
6492
6463
6400
6333
6233
6176
6059
5943
5889
5775
5723
5610
5498
5387
5324
5242
5161
5100
5020
4923
4827
4766
4667
4554
4457
4355
4254
4120
3987
3881
3751
3622
3494
3459
3333
3208
3127
3082
3020
2958
2879
2819
2751
2638
2599
2487
2357
2246
2130
1980
1898
1924
1904
1900
1934
1869
1815
1707
1649
1597
1489
1474
1421
1306
1150
952
781
773
658
519
404
290
161
27
-106
-178
-268
-423
-429
-398
-360
-439
-600
-725
-849
-1020
-1195
-1257
-1352
-1446
-1529
-1604
-1645
-1685
-1749
-1722
-1709
-1706
-1766
-1709
-1663
-1564
-1477
-1403
-1300
-1232
-1208
-1186
-1200
-1184
-1115
-1137
-1187
-1175
-1230
-1241
-1274
-1261
-1248
-1235
-1222
-1209
-1196
-1184
-1172
-1160
-1148
-1136
-1124
-1112
-1100
-1088
-1077
-1066
-1055
-1044
-1033
-1022
-1011
-1000
-1060
-1070
-1059
-1048
-1037
-1026
-1015
-1004
-993
-1063
-1052
-1041
-1021
-1010
-1074
-1204
-1191
-1179
-1167
-1155
-1143
-1131
-1119
-1107
-1095
-1084
-1073
-1062
-1051
-1040
-1029
-1018
-1007
-996
-986
-976
-966
-1035
-1046
-1035
-1024
-1013
-1002
-991
-981
-971
-961
-951
-941
-931
-921
-911
-901
-891
-882
-873
-864
-855
-1038
-1027
-1161
-1149
-1137
-1125
-1113
-1101
-1089
-1078
-1067
-1056
-1045
-1034
-1023
-1012
-1001
-990
-980
-1142
-1208
-1319
-1379
-1365
-1351
-1337
-1323
-1327
-1297
-1284
-1271
-1258
-1245
-1232
-1219
-1206
-1193
-1181
-1169
-1157
-1145
-1133
-1121
-1123
-1111
-1099
-1047
-1036
-1025
-1014
-1003
-992
-982
-972
-962
-952
-942
-884
-875
-936
-926
-921
-911
-963
-953
-943
-1015
-1119
-1107
-1095
-1084
-1073
-1062
-1051
-1040
-1029
-1018
-1007
-996
-986
-976
-966
-1209
-1329
-1315
-1301
-1287
-1274
-1261
-1248
-1235
-1222
-1209
-1196
-1184
-1172
-1160
-1148
-1136
-1124
-1112
-1100
-1234
-1376
-1362
-1348
-1334
-1320
-1306
-1292
-1279
-1266
-1253
-1240
-1227
-1214
-1201
-1188
-1176
-1164
-1152
-1140
-1128
-1116
-1324
-1459
-1444
-1429
-1414
-1399
-1384
-1370
-1356
-1342
-1328
-1314
-1300
-1519
-1678
-1661
-1644
-1627
-1610
-1593
-1577
-1561
-1545
-1529
-1513
-1655
-1763
-1745
-1727
-1709
-1799
-1852
-1833
-1814
-1795
-1777
-1759
-1741
-1795
-1777
-1831
-1812
-1793
-1775
-1757
-1739
-1721
-1703
-1685
-1668
-1705
-1735
-1717
-1699
-1681
-1664
-1647
-1630
-1613
-1596
-1634
-1617
-1648
-1631
-1614
-1597
-1581
-1565
-1549
-1533
-1517
-1501
-1485
-1470
-1455
-1440
-1425
-1428
-1412
-1397
-1383
-1369
-1355
-1341
-1327
-1313
-1299
-1285
-1272
-1259
-1246
-1233
-1220
-1207
-1194
-1182
-1170
-1158
-1146
-1134
-1122
-1110
-1098
-1087
-1076
-1065
-1054
-1043
-1032
-1021
-1010
-1015
-990
-980
-970
-960
-950
-940
-930
-920
-910
-900
-890
-881
-872
-863
-854
-845
-836
-827
-818
-809
-800
-791
-783
-775
-767
-759
-751
-743
-735
-727
-719
-711
-703
-695
-699
-692
-589
-583
-529
-502
-496
-491
-486
-481
-476
-471
-466
-461
-456
-451
-446
-441
-436
-431
-426
-421
-416
-411
-406
-401
-288
-285
-282
-279
-215
-212
-209
-206
-203
-200
-197
-195
-193
-191
-189
-187
-185
-183
-181
-179
-41
-47
-46
-72
-71
-70
-69
-68
-67
-66
-65
-64
-63
-62
-61
-60
-59
-58
-57
-56
-55
-54
-53
-52
-51
-50
-49
-48
-47
-46
-45
-44
-43
-42
-41
-40
-39
-38
-37
-36
-35
-34
-33
-32
-31
-30
-29
-28
-27
-26
56
55
-3
-2
-1
0
0
0
0
69
78
134
132
130
128
126
124
122
120
118
116
114
112
110
108
106
104
102
100
93
122
120
118
116
114
112
110
108
106
104
102
100
98
97
96
95
94
93
92
91
90
106
35
34
33
32
31
30
29
28
27
26
25
24
23
22
21
20
19
18
17
16
21
20
48
47
46
45
44
43
42
41
40
39
38
37
36
35
34
33
32
31
30
29
28
27
26
25
24
23
22
21
20
19
18
17
16
15
124
184
182
180
178
176
174
172
170
168
166
164
162
160
158
235
294
291
288
285
282
279
276
273
270
267
264
261
258
255
252
145
167
165
182
180
178
176
174
172
170
168
166
164
162
160
158
156
154
152
150
148
146
144
142
140
138
136
134
132
130
128
126
124
122
120
118
116
114
112
110
108
106
104
102
100
98
97
96
89
47
58
57
68
67
66
65
64
63
62
61
60
14
-62
-61
-60
-59
-58
-57
-56
-55
-54
-53
-52
-51
-50
-49
-48
-47
-46
-45
-44
-43
-42
-41
-70
66
65
64
63
73
72
181
179
177
175
173
171
169
167
165
163
161
159
157
155
153
205
324
320
316
312
308
304
300
296
293
290
287
284
281
278
275
272
269
266
263
260
257
254
251
248
245
242
143
141
242
239
236
233
230
227
224
221
218
215
212
209
206
203
200
62
21
20
19
18
17
16
15
14
13
12
11
10
9
8
7
6
5
4
3
34
33
179
177
175
173
171
169
167
165
163
161
159
157
155
153
151
149
206
327
323
319
315
311
307
303
299
296
293
290
287
284
281
278
275
272
269
266
263
260
257
254
351
531
525
519
513
507
501
495
490
485
480
475
470
465
460
455
450
445
440
435
430
522
669
775
767
818
809
800
791
783
775
767
759
751
743
735
727
747
739
757
749
741
733
725
717
709
701
712
711
757
749
741
733
725
717
709
701
693
686
679
672
665
658
651
644
637
515
509
424
332
328
324
320
316
312
308
304
300
296
293
290
287
284
281
278
275
272
269
266
263
221
218
109
107
105
103
145
95
94
93
92
91
-8
-41
-40
-39
-38
-37
-36
-35
-61
-161
-159
-157
-155
-153
-151
-149
-147
-145
-143
-141
-139
-137
-135
-199
-233
-230
-227
-224
-221
-218
-215
-212
-209
-206
-203
-200
-173
-171
-114
-112
-110
-108
-106
-104
-121
-119
-71
-70
-69
-68
-67
-66
-65
-64
-63
-62
-61
-60
-59
-58
-57
29
50
115
234
231
340
336
359
355
351
347
343
339
335
331
327
323
319
315
311
307
306
281
278
275
272
269
304
330
326
322
318
314
310
306
313
293
290
258
244
234
150
56
55
54
33
-25
-24
-48
-47
-42
-25
-31
-55
-54
-32
-31
-15
-47
-17
-16
-8
3
2
17
92
91
90
89
88
201
198
244
241
282
279
301
365
317
338
316
294
291
329
368
370
322
318
314
248
172
170
168
166
79
28
-23
-89
-104
-102
-172
-225
-263
-260
-330
-335
-331
-412
-341
-271
-326
-380
-459
-443
-498
-480
-523
-600
-641
-634
-714
-816
-868
-828
-941
-900
-890
-927
-963
-999
-989
-1094
-1198
-1186
-1220
-1207
-1143
-1131
-1119
-1107
-1026
-923
-895
-942
-955
-988
-1049
-1038
-978
-936
-798
-698
-602
-437
-282
-147
5
128
281
278
454
622
756
714
768
967
1291
1562
1830
2103
2397
2689
2662
2951
2921
3213
3443
3671
3748
4027
4188
4464
4713
4977
5190
5395
5603
5815
5999
6139
6344
6541
6788
7039
7260
7505
7747
7669
7892
8089
8284
8495
8409
8644
8891
9134
9350
9558
9762
9903
10129
10343
10481
10629
10833
10724
10616
10820
10711
10905
11069
11255
11356
11539
11686
11864
12016
12152
12276
12330
12206
12311
12495
12369
12245
12367
12510
12629
12687
12824
12930
12834
13037
13238
13379
13525
13663
13710
13815
13973
14148
14321
14429
14595
14719
14864
15036
15174
15271
15118
15263
15407
15444
15604
15744
15912
16044
16209
16396
16549
16618
16674
16820
16917
17097
17269
17472
17600
17710
17821
17960
17937
18020
18096
18221
18342
18388
18487
18521
18554
18601
18649
18657
18549
18586
18424
18296
18091
18000
18003
18039
18088
17977
18032
18136
18225
18313
18421
18468
18544
18553
18617
18667
18760
18857
18927
18986
19012
19151
19240
19316
19422
19504
19612
19701
19790
19906
19957
20026
20120
20213
20323
20390
20433
20476
20519
20579
20650
20732
20781
20804
20858
20909
20950
20931
20974
21046
21123
21177
21241
21298
21289
21363
21426
21477
21531
21602
21385
21452
21237
21342
21406
21462
21464
21486
21541
21618
21702
21797
21890
21936
22018
22094
22200
22232
22359
22453
22572
22690
22806
22830
22915
22969
23017
23093
23148
23148
23197
23266
23400
23444
23540
23304
23396
23432
23489
23597
23655
23751
23690
23779
23874
23961
24065
24116
24166
24190
24200
24210
24251
24322
24078
24084
24105
24072
24131
24144
24191
24219
24247
24257
24299
24253
24295
24304
24331
24358
24412
24402
24446
24483
24469
24454
24446
24433
24431
24452
24268
24275
24239
24233
24245
24075
24034
23968
23926
23861
23888
23914
23927
23885
23877
23833
23790
23781
23581
23562
23611
23659
23675
23707
23756
23753
23816
23878
23846
23894
23973
23956
23994
24062
24123
24183
24273
24356
24462
24519
24599
24676
24672
24631
24593
24417
24421
24494
24525
24637
24685
24700
24716
24679
24702
24694
24758
24763
24791
24844
24897
24917
24969
25021
25049
25121
25166
25183
25185
25216
25219
25221
25180
25188
25225
25316
25420
25491
25561
25655
25724
25745
25772
25811
25769
25831
25572
25627
25649
25694
25762
25799
25850
25893
25960
25994
25973
25990
25920
25830
25741
25809
25865
25877
25919
25974
25993
25897
25718
25763
25756
25792
25734
25756
25769
25699
25683
25631
25654
25668
25656
25644
25598
25667
25736
25822
25858
25925
25968
26016
25850
25724
25656
25618
25580
25373
25301
25307
25368
25434
25179
25213
25247
25219
25163
25120
25101
25095
25078
25093
25199
25162
25187
25148
24932
24682
24703
24805
24556
24549
24590
24661
24667
24715
24785
24771
24753
24760
24744
24710
24679
24546
24469
24532
24213
24042
23746
23611
23538
23417
23396
23417
23263
23302
23340
23116
23064
22833
22670
22566
22666
22468
22376
22322
22275
22301
22247
22296
22312
22169
22164
22171
22189
22229
22135
22176
22225
22255
22285
22314
22350
22402
22303
22364
22368
22441
22542
22624
22509
22418
22332
22296
22357
22305
22407
22182
22165
22217
22154
22146
21869
21808
21731
21676
21617
21561
21345
21286
21272
21059
20848
20895
20812
20580
20318
20059
19858
19659
19439
19189
18955
18710
18467
18227
17966
17786
17607
17375
17123
16878
16654
16432
16267
16031
15797
15542
15386
15231
14982
14736
14510
14364
14129
13914
13678
13445
13214
13026
12895
12765
12564
12367
12165
12007
11808
11634
11444
11233
11120
10878
10657
10420
10221
10006
9793
9582
9395
9170
8966
8782
8550
8391
8202
8119
8037
7794
7585
7365
7147
7075
7004
6933
6719
6507
6297
6149
6087
6026
5839
5618
5417
5236
5039
4894
4845
4652
4461
4272
4085
3914
3711
3673
3423
3234
3060
2834
2805
2776
2606
2476
2330
2164
1950
1788
1610
1593
1577
1442
1427
1365
1351
1124
954
804
637
486
282
103
-130
-128
-339
-525
-640
-752
-744
-736
-728
-720
-712
-704
-696
-847
-978
-968
-1121
-1109
-1216
-1379
-1365
-1351
-1337
-1323
-1309
-1295
-1282
-1269
-1256
-1243
-1230
-1217
-1204
-1289
-1401
-1386
-1372
-1358
-1385
-1371
-1483
-1607
-1706
-1688
-1671
-1784
-1766
-1929
-1940
-1914
-1962
-1987
-2035
-2059
-2106
-2078
-2102
-2080
-2059
-2037
-1992
-1964
-1961
-1986
-2011
-2093
-2072
-2096
-2120
-2074
-2243
-2410
-2471
-2590
-2685
-2807
-2904
-3000
-3095
-3185
-3297
-3435
-3540
-3667
-3770
-3768
-3854
-3846
-4002
-4179
-4182
-4140
-4098
-4177
-4135
-4219
-4176
-4134
-4218
-4352
-4302
-4258
-4260
-4248
-4149
-4069
-4059
-4049
-4039
-4029
-3988
-3940
-3998
-3949
-3919
-3892
-3853
-3814
-3775
-3699
-3674
-3637
-3600
-3563
-3558
-3493
-3538
-3473
-3412
-3369
-3335
-3301
-3267
-3208
-3160
-3107
-3106
-3074
-3043
-3012
-2981
-2951
-2921
-2891
-2862
-2833
-2804
-2775
-2747
-2719
-2815
-2868
-2852
-2960
-3003
-2972
-3050
-3019
-3128
-3096
-3065
-3034
-3003
-2972
-2942
-2912
-2882
-2853
-3019
-3091
-3255
-3435
-3400
-3365
-3331
-3441
-3550
-3514
-3640
-3747
-3709
-3797
-3879
-3840
-3801
-3762
-3724
-3686
-3649
-3612
-3575
-3539
-3503
-3467
-3432
-3397
-3362
-3328
-3294
-3261
-3331
-3510
-3474
-3439
-3404
-3492
-3457
-3422
-3387
-3455
-3561
-3687
-3650
-3613
-3576
-3540
-3504
-3594
-3702
-3785
-3747
-3853
-3958
-4048
-4156
-4114
-4285
-4386
-4342
-4298
-4254
-4211
-4168
-4350
-4450
-4549
-4503
-4612
-4565
-4519
-4668
-4834
-4785
-4737
-4689
-4642
-4595
-4549
-4688
-4801
-4994
-5088
-5250
-5410
-5355
-5514
-5458
-5547
-5635
-5704
-5646
-5710
-5652
-5716
-5900
-6013
-5952
-5892
-5833
-5774
-5871
-5812
-5753
-5908
-5848
-5789
-5731
-5886
-6022
-5961
-5901
-5841
-5782
-5724
-5666
-5782
-5879
-5820
-5761
-5703
-5645
-5714
-5656
-5725
-5811
-5983
-5923
-5863
-5959
-6043
-5982
-6135
-6283
-6220
-6157
-6095
-6206
-6319
-6255
-6192
-6306
-6407
-6342
-6278
-6215
-6152
-6090
-6029
-5968
-5908
-5848
-5944
-6028
-6143
-6081
-6020
-5959
-5899
-6022
-6105
-6187
-6125
-6289
-6226
-6408
-6556
-6684
-6617
-6550
-6646
-6579
-6708
-6640
-6815
-6970
-6900
-6956
-7012
-7035
-6964
-6894
-6824
-6755
-6687
-6620
-6553
-6487
-6422
-6501
-6590
-6658
-6735
-6667
-6600
-6677
-6754
-6686
-6619
-6678
-6752
-6818
-6749
-6681
-6614
-6670
-6786
-6862
-6793
-6901
-6975
-6905
-7011
-7134
-7062
-6991
-6921
-6851
-6937
-7011
-7095
-7023
-7165
-7093
-7022
-6951
-7105
-7198
-7125
-7053
-6982
-7157
-7240
-7301
-7469
-7579
-7727
-7793
-7927
-7847
-7992
-7912
-7832
-7995
-7914
-7834
-7755
-7911
-8007
-8081
-8000
-8161
-8223
-8140
-8058
-8183
-8274
-8325
-8241
-8379
-8526
-8440
-8355
-8415
-8330
-8390
-8429
-8488
-8547
-8461
-8465
-8380
-8296
-8212
-8129
-8047
-7966
-8059
-8104
-8127
-8171
-8233
-8150
-8068
-8110
-8183
-8132
-8263
-8361
-8498
-8564
-8478
-8566
-8480
-8395
-8465
-8503
-8417
-8476
-8535
-8449
-8508
-8561
-8727
-8639
-8552
-8679
-8718
-8764
-8676
-8774
-8686
-8791
-8888
-8799
-8934
-8844
-8755
-8667
-8580
-8494
-8408
-8547
-8667
-8717
-8629
-8679
-8592
-8729
-8799
-8710
-8622
-8535
-8691
-8604
-8741
-8653
-8566
-8480
-8395
-8310
-8226
-8143
-8061
-7980
-7900
-8033
-8137
-8055
-7974
-8107
-8141
-8059
-7978
-7898
-7818
-7739
-7661
-7758
-7845
-7871
-8034
-7953
-8104
-8166
-8084
-8188
-8319
-8235
-8152
-8070
-7989
-7909
-7829
-7750
-7672
-7801
-7928
-8061
-8193
-8265
-8287
-8204
-8121
-8252
-8292
-8352
-8268
-8398
-8313
-8403
-8531
-8445
-8584
-8642
-8747
-8872
-8783
-8908
-8992
-8901
-8966
-9013
-8922
-9056
-9178
-9310
-9408
-9313
-9219
-9126
-9034
-9135
-9166
-9280
-9331
-9450
-9499
-9508
-9412
-9473
-9378
-9284
-9383
-9513
-9417
-9322
-9452
-9570
-9687
-9716
-9618
-9695
-9727
-9856
-9931
-9986
-10099
-10192
-10284
-10181
-10079
-10173
-10071
-10165
-10063
-9962
-9862
-9763
-9789
-9811
-9867
-9768
-9670
-9573
-9477
-9382
-9462
-9609
-9512
-9640
-9666
-9569
-9599
-9694
-9770
-9672
-9820
-9858
-9954
-9854
-9986
-10082
-9981
-10094
-10118
-10016
-9960
-10073
-10166
-10064
-9963
-10047
-10129
-10171
-10069
-9968
-10070
-9969
-9869
-9770
-9742
-9644
-9547
-9451
-9356
-9262
-9169
-9077
-8986
-8896
-8806
-8879
-8913
-8823
-8860
-8771
-8809
-8720
-8797
-8813
-8925
-8969
-8879
-8790
-8702
-8614
-8721
-8759
-8913
-9086
-9121
-9029
-9064
-9204
-9111
-9019
-9141
-9049
-9171
-9079
-8988
-8898
-8808
-8719
-8631
-8649
-8706
-8618
-8531
-8445
-8360
-8471
-8599
-8638
-8551
-8465
-8524
-8438
-8353
-8482
-8573
-8668
-8725
-8760
-8672
-8585
-8694
-8796
-8707
-8619
-8532
-8446
-8361
-8277
-8299
-8215
-8250
-8167
-8085
-8217
-8278
-8195
-8112
-8030
-7949
-8013
-8087
-8219
-8255
-8371
-8477
-8392
-8480
-8609
-8522
-8436
-8351
-8267
-8184
-8102
-8164
-8226
-8269
-8330
-8246
-8325
-8241
-8325
-8241
-8158
-8076
-7995
-7914
-7834
-7755
-7677
-7600
-7523
-7447
-7372
-7298
-7224
-7151
-7079
-7136
-7104
-7032
-6961
-6891
-6822
-6753
-6685
-6618
-6551
-6485
-6420
-6483
-6418
-6353
-6289
-6361
-6297
-6233
-6170
-6108
-6046
-5985
-5925
-5865
-5806
-5873
-5814
-5755
-5697
-5733
-5675
-5723
-5665
-5731
-5673
-5686
-5629
-5697
-5801
-5742
-5684
-5627
-5570
-5649
-5592
-5685
-5628
-5571
-5515
-5585
-5529
-5473
-5418
-5363
-5309
-5255
-5202
-5326
-5427
-5555
-5643
-5730
-5858
-5955
-6042
-6075
-6155
-6093
-6032
-5971
-5911
-5851
-5792
-5834
-5775
-5842
-5783
-5725
-5667
-5804
-5871
-5812
-5753
-5695
-5637
-5580
-5668
-5732
-5800
-5864
-5947
-6006
-5945
-5972
-5912
-5852
-5793
-5735
-5837
-5778
-5720
-5662
-5605
-5548
-5492
-5437
-5382
-5328
-5274
-5221
-5168
-5116
-5064
-5013
-4962
-5090
-5039
-4988
-4938
-4940
-4890
-4841
-4792
-4744
-4696
-4648
-4601
-4554
-4508
-4462
-4417
-4372
-4328
-4284
-4241
-4198
-4155
-4201
-4245
-4202
-4117
-4075
-4034
-4073
-4032
-3991
-3951
-3911
-3871
-3832
-3985
-4116
-4074
-4033
-3992
-3952
-3912
-3872
-3833
-3794
-3756
-3718
-3680
-3643
-3606
-3556
-3603
-3566
-3530
-3494
-3459
-3424
-3389
-3355
-3321
-3287
-3254
-3221
-3188
-3219
-3220
-3187
-3279
-3246
-3269
-3324
-3363
-3329
-3393
-3359
-3325
-3291
-3258
-3225
-3192
-3160
-3128
-3096
-3065
-3034
-3003
-2972
-2942
-2969
-3065
-3034
-3003
-3066
-3035
-3004
-3106
-3074
-3043
-3109
-3077
-3046
-3082
-3108
-3076
-3045
-3014
-2983
-2953
-2923
-2893
-2864
-2835
-2806
-2777
-2851
-2822
-2793
-2793
-2780
-2752
-2724
-2696
-2669
-2642
-2615
-2588
-2562
-2536
-2510
-2484
-2459
-2434
-2414
-2373
-2349
-2325
-2395
-2447
-2422
-2397
-2373
-2381
-2462
-2437
-2412
-2387
-2363
-2339
-2315
-2291
-2268
-2302
-2362
-2409
-2384
-2433
-2408
-2431
-2397
-2373
-2349
-2325
-2301
-2277
-2332
-2422
-2397
-2373
-2349
-2439
-2442
-2513
-2549
-2585
-2653
-2686
-2659
-2632
-2717
-2780
-2862
-2845
-2907
-2914
-2921
-2880
-2890
-2884
-2926
-2896
-2927
-2897
-2962
-2932
-2902
-2872
-2843
-2837
-2808
-2880
-2862
-2833
-2804
-2736
-2767
-2780
-2758
-2730
-2743
-2715
-2619
-2524
-2408
-2383
-2269
-2142
-2120
-2009
-1884
-1899
-1879
-1779
-1657
-1536
-1420
-1405
-1390
-1376
-1362
-1348
-1334
-1216
-1099
-987
-828
-819
-710
-570
-564
-558
-552
-389
-385
-381
-265
-102
92
91
90
320
316
525
738
952
1130
1298
1576
1851
1832
1813
2030
2300
2224
2201
2178
2197
2355
2331
2307
2525
2676
2975
3208
3446
3558
3522
3788
4108
4368
4644
4846
4797
4938
4888
4839
4790
5005
5108
5056
5213
5332
5486
5431
5376
5373
5404
5307
5320
5206
5220
5167
5115
5063
5116
5064
5075
5146
5161
5231
5316
5329
5308
5183
5037
5108
5056
5005
4883
4745
4697
4537
4397
4352
4308
4264
4104
3991
3951
3911
3832
3793
3755
3623
3524
3426
3279
3120
2962
2806
2651
2535
2406
2278
2255
2232
2083
1936
1772
1628
1485
1344
1330
1172
1034
1023
1012
1001
864
761
627
494
363
215
86
85
84
83
82
-45
-170
-294
-291
-478
-473
-468
-676
-845
-836
-827
-1031
-1123
-1111
-1202
-1292
-1492
-1603
-1799
-1906
-2099
-2077
-2182
-2373
-2562
-2536
-2510
-2484
-2459
-2434
-2409
-2384
-2360
-2441
-2597
-2766
-2969
-2939
-2909
-3092
-3274
-3385
-3546
-3688
-3813
-3842
-3947
-3907
-3867
-3937
-3897
-3857
-3928
-4050
-4114
-4234
-4353
-4433
-4529
-4682
-4834
-4915
-4865
-4816
-4930
-4974
-5068
-5143
-5185
-5133
-5081
-5030
-4979
-5023
-5017
-5060
-5009
-5013
-5124
-5166
-5114
-5174
-5266
-5375
-5415
-5465
-5536
-5582
-5631
-5718
-5786
-5801
-5854
-5950
-6002
-6067
-6150
-6193
-6165
-6208
-6289
-6356
-6361
-6297
-6327
-6393
-6441
-6509
-6558
-6643
-6706
-6768
-6794
-6851
-6782
-6808
-6865
-6922
-6946
-6988
-7062
-7114
-7145
-7169
-7191
-7213
-7195
-7234
-7307
-7306
-7305
-7236
-7225
-7193
-7232
-7232
-7248
-7228
-7244
-7226
-7208
-7081
-6956
-6832
-6836
-6764
-6642
-6521
-6470
-6333
-6197
-6131
-6015
-5803
-5593
-5386
-5181
-5129
-5077
-4875
-4675
-4454
-4258
-4041
-3794
-3582
-3274
-3033
-2828
-2593
-2374
-2110
-2088
-1863
-1654
-1442
-1427
-1172
-1065
-846
-629
-414
-201
10
-71
11
204
100
258
415
673
895
1149
1400
1385
1634
1880
2124
2102
2343
2582
2819
3053
3285
3515
3795
3986
4209
4395
4638
4591
4832
5070
5272
5506
5610
5701
5643
5586
5530
5474
5548
5607
5844
5976
6131
6260
6324
6477
6412
6634
6885
7167
7413
7306
7393
7526
7777
7986
8170
8286
8203
8414
8424
8633
8559
8760
8835
8861
8932
9129
9286
9411
9565
9718
9938
10156
10341
10555
10743
10843
10734
10952
11035
11219
11401
11460
11485
11568
11648
11807
11973
12106
12213
12308
12402
12471
12633
12769
12928
13085
12954
13111
13170
13274
13298
13355
13392
13407
13463
13498
13609
13819
13951
14074
14148
14269
14420
14538
14392
14328
14478
14462
14456
14574
14722
14900
14750
14851
14808
14788
14745
14692
14728
14740
14752
14798
14843
14944
15110
14958
15103
15246
15319
15360
15329
15175
15183
15191
15232
15239
15280
15266
15218
15291
15383
15523
15627
15764
15869
15973
16053
15892
15732
15900
15898
16032
16045
15941
15910
15672
15541
15422
15507
15525
15245
15095
15066
15010
14972
14937
14899
14965
15053
14939
14849
14790
14639
14490
14397
14477
14471
14481
14467
14453
14499
14568
14422
14277
14255
14154
14045
14098
14150
14008
13867
13904
13989
14077
14163
14148
14200
14233
14281
14220
14263
14107
13968
13904
13764
13716
13599
13462
13387
13308
13319
13045
12940
12810
12757
12740
12702
12664
12721
12593
12581
12515
12470
12474
12336
12212
12076
12031
12055
12079
12142
12165
12188
12066
11945
12002
12144
12216
12093
11971
12107
11985
12128
12269
12409
12547
12606
12479
12354
12230
12266
12210
12186
12064
12120
11998
11967
12141
12019
12058
11937
11939
12145
12023
12197
12074
11953
12073
11952
12095
12300
12176
12054
12143
12325
12427
12401
12276
12153
12031
11910
11790
11770
11806
11687
11510
11493
11515
11577
11528
11511
11428
11346
11232
11175
11232
11297
11384
11326
11323
11115
10932
10822
10713
10695
10587
10481
10432
10417
10273
10258
10254
10206
10232
10224
10216
10208
10266
10258
10324
10276
10229
10182
10283
10304
10129
10027
10050
10112
10121
10261
10248
10403
10556
10492
10386
10282
10334
10230
10282
10179
10335
10420
10315
10211
10297
10442
10579
10770
10818
10814
10806
10900
10790
10837
10933
10823
10804
10684
10612
10437
10296
10192
10053
9941
9949
9836
9724
9652
9555
9531
9536
9603
9630
9623
9682
9585
9613
9574
9590
9497
9470
9329
9363
9269
9176
9119
9085
8994
8993
8979
9034
9140
9193
9100
9029
9161
9069
8978
8888
9056
8965
9153
9061
9125
9258
9165
9073
9022
9023
8932
8760
8672
8586
8533
8447
8362
8194
8206
8123
8041
7960
7880
7730
7742
7664
7707
7699
7711
7723
7814
7735
7799
8015
8228
8400
8612
8525
8439
8683
8596
8509
8423
8338
8614
8693
8855
9049
9223
9130
9038
8947
8857
8768
8680
8593
8506
8420
8335
8516
8652
8565
8723
8879
9007
8916
9043
9113
9021
9104
9218
9220
9267
9348
9417
9322
9173
9113
9021
8930
8840
8751
8663
8576
8490
8405
8447
8328
8395
8310
8226
8246
8152
8070
7989
7909
7829
7750
7588
7439
7364
7290
7217
7144
7072
7001
6930
6860
6791
6723
6655
6588
6522
6456
6391
6327
6263
6200
6137
6075
6014
5930
5836
5806
5747
5609
5552
5496
5408
5353
5221
5168
5116
5064
4951
4796
4747
4649
4529
4415
4370
4338
4234
4191
4053
3962
3851
3812
3773
3735
3642
3589
3505
3396
3362
3328
3294
3261
3228
3195
3163
3037
3006
2975
2945
2915
2885
2856
2827
2798
2769
2741
2713
2685
2658
2631
2542
2516
2490
2465
2378
2354
2330
2306
2282
2259
2242
2219
2196
2174
2186
2164
2142
2120
2098
2076
2055
1963
1943
1923
1903
1883
1864
1845
1826
1807
1788
1731
1674
1586
1570
1554
1538
1522
1506
1490
1475
1460
1445
1430
1415
1400
1385
1371
1357
1343
1329
1315
1241
1228
1144
1093
1077
1066
1055
1044
1033
1022
1011
1000
989
979
969
959
949
939
929
919
909
899
890
881
872
863
854
845
831
773
728
720
712
704
696
689
682
675
668
661
654
647
640
633
626
574
568
562
511
505
499
494
489
484
479
474
469
369
365
361
262
259
256
253
250
247
244
149
147
43
42
-54
-53
-259
-256
-253
-250
-247
-244
-241
-238
-235
-232
-229
-226
-223
-220
-217
-214
-211
-208
-205
-202
-199
-197
-195
-193
-191
-189
-187
-185
-183
-181
-179
-177
-175
-173
-171
-169
-167
-165
-163
-427
-610
-603
-596
-590
-584
-578
-572
-566
-560
-554
-548
-542
-536
-530
-524
-518
-512
-506
-500
-494
-489
-484
-479
-474
-469
-464
-459
-454
-449
-444
-439
-434
-429
-424
-419
-414
-409
-404
-399
-395
-618
-754
-746
-738
-730
-862
-853
-903
-893
-884
-875
-866
-857
-848
-839
-830
-821
-812
-803
-794
-786
-778
-770
-762
-830
-732
-724
-716
-708
-700
-692
-685
-678
-671
-664
-657
-650
-643
-636
-629
-622
-615
-608
-601
-594
-588
-582
-576
-570
-564
-558
-552
-546
-540
-534
-528
-522
-516
-510
-504
-498
-493
-488
-483
-478
-473
-468
-463
-458
-453
-448
-443
-438
-433
-428
-423
-418
-413
-408
-403
-398
-394
-390
-386
-382
-425
-313
-309
-305
-301
-297
-294
-291
-288
-285
-282
-279
-276
-273
-270
-267
-264
-261
-258
-255
-252
-249
-246
-243
-191
-33
-32
-31
-30
-29
-28
-27
-26
-25
-24
-23
-22
-21
-20
-19
-18
-17
-16
-15
-14
-13
-12
-11
-10
-9
-8
-7
-6
-5
-4
-3
-2
-122
-120
-118
-86
-85
-84
-83
-82
-81
-80
-79
-78
-28
-37
-36
-35
-34
-33
-32
-31
-119
-205
-202
-199
-197
-195
-193
-191
-189
-187
-185
-183
-181
-179
-177
-175
-173
-171
-169
-167
-253
-250
-270
-267
-264
-261
-258
-255
-252
-249
-246
-243
-240
-237
-234
-231
-228
-225
-222
-219
-216
-213
-210
-138
-25
-11
-10
-9
-8
-7
-6
-5
-4
-3
-2
-1
0
0
0
0
0
0
0
0
0
66
65
20
19
18
17
16
15
14
13
12
11
10
9
8
38
37
36
61
60
59
58
57
56
55
54
53
52
51
50
49
48
47
46
45
44
43
42
41
9
102
100
98
97
96
95
94
93
92
91
90
89
88
87
86
85
84
65
191
189
187
185
183
181
179
177
175
173
171
169
167
165
163
161
159
157
155
98
226
223
220
217
214
211
208
205
202
199
197
195
193
191
189
187
185
183
181
179
177
175
309
305
301
334
330
326
322
318
314
245
257
254
251
248
245
242
239
236
233
230
227
224
221
218
215
212
174
70
69
68
67
66
65
64
-14
-13
-12
-11
-10
-9
-8
-77
-76
-75
-74
-73
-72
-71
-70
-69
-172
-170
-168
-272
-269
-266
-263
-260
-257
-254
-251
-248
-245
-242
-239
-236
-233
-230
-227
-224
-221
-218
-215
-212
-209
-206
-426
-494
-489
-484
-479
-474
-469
-464
-459
-454
-449
-444
-439
-434
-429
-424
-419
-414
-409
-404
-399
-395
-391
-387
-383
-379
-375
-346
-342
-338
-334
-305
-301
-297
-294
-291
-288
-285
-282
-279
-276
-273
-270
-267
-264
-261
-258
-255
-323
-236
-233
-230
-227
-224
-221
-218
-215
-212
-209
-206
-203
-200
-197
-195
-193
-191
-189
-187
-185
-183
-181
-179
-177
-227
-168
-166
-164
-162
-160
-158
-156
-154
-152
-150
-148
-291
-288
-403
-398
-394
-390
-386
-382
-399
-395
-449
-444
-439
-434
-429
-424
-419
-414
-409
-404
-399
-395
-391
-526
-520
-514
-508
-558
-494
-489
-484
-479
-474
-469
-464
-459
-454
-449
-444
-439
-434
-429
-424
-419
-414
-409
-404
-399
-395
-391
-387
-383
-379
-375
-371
-367
-363
-359
-355
-351
-347
-343
-339
-335
-331
-327
-466
-420
-415
-410
-405
-400
-395
-391
-387
-383
-379
-375
-371
-367
-363
-359
-355
-351
-347
-343
-339
-335
-331
-327
-323
-319
-315
-311
-307
-303
-299
-296
-293
-290
-287
-284
-281
-278
-275
-272
-212
-209
-355
-351
-466
-461
-456
-487
-519
-513
-507
-501
-477
-470
-465
-403
-394
-393
-379
-375
-397
-411
-410
-411
-451
-467
-480
-475
-470
-516
-628
-722
-860
-889
-1074
-1063
-1279
-1510
-1655
-1734
-1716
-1827
-2068
-2272
-2399
-2547
-2521
-2495
-2470
-2732
-2990
-3236
-3203
-3425
-3535
-3777
-4024
-3983
-4141
-4406
-4549
-4798
-5004
-5217
-5421
-5366
-5312
-5476
-5522
-5563
-5570
-5514
-5489
-5618
-5745
-5892
-6057
-6270
-6469
-6666
-6861
-7035
-7208
-7360
-7513
-7625
-7548
-7472
-7397
-7322
-7458
-7557
-7481
-7597
-7694
-7769
-7764
-7924
-8050
-8197
-8114
-8032
-8196
-8358
-8422
-8526
-8624
-8739
-8896
-9028
-9063
-9138
-9225
-9132
-9262
-9391
-9493
-9397
-9446
-9555
-9663
-9731
-9837
-9896
-9876
-9942
-9842
-9947
-10051
-9950
-10029
-10114
-10012
-9911
-9811
-9937
-10062
-10140
-10196
-10221
-10317
-10328
-10297
-10193
-10308
-10204
-10101
-9999
-9898
-9869
-9910
-10028
-10145
-10192
-10160
-10152
-10213
-10204
-10227
-10250
-10147
-10240
-10263
-10261
-10229
-10229
-10229
-10229
-10298
-10366
-10434
-10455
-10476
-10474
-10472
-10493
-10508
-10489
-10597
-10628
-10521
-10502
-10465
-10360
-10325
-10347
-10335
-10357
-10345
-10241
-10225
-10260
-10329
-10383
-10423
-10444
-10483
-10470
-10503
-10587
-10481
-10445
-10409
-10320
-10283
-10320
-10216
-10113
-10123
-10099
-10126
-10024
-10029
-10029
-9999
-10038
-10038
-9950
-9829
-9704
-9580
-9665
-9641
-9725
-9640
-9487
-9389
-9289
-9248
-9235
-9142
-9187
-9253
-9205
-9157
-9041
-9163
-9070
-9024
-9001
-8886
-8762
-8685
-8643
-8642
-8711
-8623
-8726
-8638
-8614
-8469
-8367
-8375
-8435
-8350
-8266
-8327
-8243
-8270
-8204
-8265
-8110
-8172
-8308
-8442
-8515
-8429
-8484
-8481
-8540
-8649
-8562
-8648
-8664
-8680
-8719
-8734
-8646
-8685
-8598
-8637
-8671
-8584
-8498
-8538
-8578
-8618
-8634
-8547
-8605
-8644
-8701
-8739
-8795
-8850
-8905
-8941
-8851
-8867
-8922
-8832
-8816
-8853
-8853
-8903
-8952
-9052
-9151
-9059
-9158
-9192
-9243
-9345
-9377
-9409
-9504
-9529
-9595
-9642
-9668
-9603
-9701
-9742
-9644
-9547
-9641
-9706
-9752
-9816
-9843
-9870
-9966
-9992
-10035
-10129
-10153
-10246
-10287
-10328
-10405
-10444
-10586
-10603
-10496
-10534
-10554
-10574
-10630
-10649
-10681
-10736
-10772
-10808
-10843
-10878
-10913
-10947
-10981
-11084
-11186
-11282
-11382
-11389
-11487
-11585
-11664
-11547
-11431
-11529
-11626
-11722
-11817
-11911
-12004
-11883
-11977
-11983
-12076
-12099
-12190
-12211
-12232
-12235
-12256
-12346
-12435
-12310
-12312
-12332
-12421
-12422
-12297
-12173
-12195
-12285
-12306
-12413
-12432
-12469
-12488
-12471
-12440
-12388
-12407
-12447
-12535
-12553
-12640
-12668
-12735
-12788
-12824
-12839
-12710
-12845
-12889
-12953
-12949
-13004
-13086
-13108
-13113
-13144
-13012
-13039
-13089
-13069
-13050
-13125
-13196
-13276
-13301
-13362
-13452
-13530
-13605
-13468
-13494
-13518
-13453
-13423
-13338
-13394
-13362
-13409
-13345
-13406
-13443
-13441
-13501
-13470
-13500
-13476
-13435
-13350
-13289
-13237
-13154
-13164
-13222
-13231
-13098
-13081
-13044
-13016
-13006
-13049
-13023
-12981
-12977
-12952
-12945
-12959
-12959
-12941
-12905
-12901
-12897
-12911
-12875
-12872
-12837
-12834
-12799
-12832
-12895
-12978
-13061
-12930
-13013
-13008
-13024
-13026
-13021
-13016
-13011
-13006
-13001
-13014
-13046
-13078
-13128
-13160
-13186
-13194
-13173
-13217
-13224
-13231
-13272
-13240
-13208
-13176
-13124
-13134
-13142
-13129
-13155
-13163
-13150
-13158
-13145
-13153
-13161
-13127
-13056
-13039
-13027
-12994
-12982
-12971
-12942
-12913
-12941
-12974
-13002
-13034
-12992
-13019
-13046
-13112
-13177
-13191
-13170
-13184
-13141
-13183
-13225
-13092
-13100
-13069
-12938
-12927
-12971
-13038
-13081
-13124
-13166
-13208
-13210
-13251
-13327
-13321
-13384
-13401
-13424
-13355
-13363
-13371
-13379
-13353
-13361
-13346
-13320
-13328
-13302
-13333
-13307
-13281
-13269
-13244
-13219
-13194
-13127
-13116
-13126
-13054
-12923
-12935
-12947
-12817
-12775
-12788
-12659
-12532
-12406
-12281
-12158
-12154
-12174
-12072
-11955
-11887
-11709
-11591
-11609
-11611
-11612
-11648
-11672
-11628
-11630
-11631
-11587
-11471
-11356
-11242
-11248
-11134
-11090
-11080
-10969
-10859
-10750
-10642
-10535
-10429
-10324
-10220
-10117
-10087
-10132
-10153
-10050
-9878
-9823
-9724
-9779
-9827
-9874
-9725
-9627
-9530
-9434
-9268
-9115
-8961
-8871
-8699
-8572
-8410
-8342
-8307
-8223
-8140
-8102
-7940
-7833
-7754
-7695
-7555
-7444
-7334
-7260
-7231
-7209
-7102
-6938
-6809
-6740
-6573
-6533
-6467
-6428
-6412
-6375
-6330
-6266
-6276
-6268
-6260
-6240
-6131
-6111
-6068
-6105
-6161
-5981
-5921
-5854
-5875
-5896
-5752
-5757
-5699
-5532
-5415
-5282
-5083
-4977
-4927
-4791
-4680
-4570
-4453
-4325
-4124
-3982
-3851
-3744
-3706
-3542
-3507
-3471
-3455
-3420
-3472
-3437
-3402
-3270
-3330
-3359
-3244
-3280
-3247
-3260
-3319
-3365
-3421
-3386
-3352
-3318
-3330
-3354
-3320
-3286
-3253
-3220
-3187
-3155
-3181
-3207
-3229
-3286
-3253
-3220
-3187
-3155
-3123
-3091
-3060
-3029
-2998
-2967
-2937
-2907
-2877
-2848
-2819
-2790
-2797
-2893
-2864
-2835
-2806
-2777
-2749
-2721
-2693
-2666
-2639
-2612
-2585
-2559
-2625
-2619
-2592
-2566
-2540
-2514
-2488
-2463
-2438
-2413
-2388
-2364
-2340
-2316
-2292
-2269
-2246
-2258
-2336
-2312
-2320
-2296
-2273
-2250
-2227
-2204
-2181
-2159
-2137
-2115
-2093
-2072
-2051
-2030
-2041
-2126
-2104
-2082
-2061
-2040
-2019
-1998
-1978
-1958
-1938
-1918
-1898
-1879
-1860
-1841
-1822
-1803
-1816
-1829
-1810
-1791
-1773
-1755
-1737
-1719
-1701
-1720
-1710
-1692
-1675
-1658
-1641
-1624
-1607
-1590
-1574
-1558
-1555
-1541
-1525
-1509
-1493
-1478
-1463
-1448
-1433
-1418
-1403
-1388
-1374
-1360
-1346
-1332
-1318
-1304
-1290
-1309
-1301
-1287
-1274
-1261
-1248
-1235
-1222
-1209
-1196
-1184
-1172
-1160
-1148
-1136
-1124
-1112
-1100
-1088
-1077
-1066
-1124
-1112
-1100
-1088
-1183
-1171
-1159
-1147
-1135
-1123
-1111
-1099
-1087
-1076
-1065
-1054
-1043
-1032
-1122
-1233
-1220
-1207
-1194
-1182
-1170
-1158
-1146
-1134
-1122
-1110
-1098
-1087
-1076
-1065
-1054
-1043
-1032
-1156
-1290
-1277
-1264
-1251
-1238
-1225
-1212
-1199
-1186
-1174
-1162
-1150
-1138
-1126
-1114
-1102
-1090
-1090
-1170
-1215
-1231
-1317
-1366
-1352
-1406
-1465
-1555
-1690
-1673
-1656
-1639
-1833
-2078
-2057
-2036
-2015
-1994
-1974
-1954
-1934
-2063
-2042
-2188
-2166
-2144
-2122
-2100
-2078
-2057
-2036
-2015
-1994
-1974
-1954
-1934
-1914
-1894
-1875
-1856
-1999
-2067
-2046
-2025
-2004
-1983
-1963
-1943
-1923
-1903
-1883
-1864
-1845
-1826
-1807
-1980
-2107
-2295
-2272
-2249
-2226
-2203
-2180
-2158
-2136
-2114
-2092
-2071
-2050
-2029
-2008
-1987
-1967
-1947
-1927
-1907
-1887
-1868
-1849
-1830
-1811
-1792
-1774
-1756
-1738
-1720
-1702
-1684
-1667
-1650
-1633
-1616
-1599
-1582
-1566
-1550
-1534
-1724
-1812
-1793
-1775
-1757
-1739
-1721
-1703
-1685
-1668
-1651
-1634
-1617
-1600
-1583
-1567
-1551
-1535
-1519
-1503
-1487
-1472
-1457
-1505
-1489
-1474
-1459
-1553
-1537
-1521
-1505
-1489
-1474
-1677
-1660
-1868
-1849
-1830
-1811
-1792
-1774
-1756
-1738
-1838
-1954
-1934
-1914
-1894
-1875
-1856
-1837
-1818
-1799
-1780
-1762
-1744
-1726
-1708
-1690
-1673
-1656
-1639
-1622
-1605
-1588
-1572
-1818
-1904
-1884
-1865
-1846
-1827
-1808
-1789
-1771
-1753
-1735
-1717
-1699
-1681
-1664
-1647
-1630
-1613
-1596
-1580
-1564
-1621
-1661
-1644
-1627
-1796
-1778
-1760
-1742
-1724
-1706
-1688
-1671
-1654
-1637
-1620
-1603
-1586
-1570
-1554
-1538
-1522
-1506
-1490
-1475
-1625
-1608
-1591
-1554
-1538
-1522
-1506
-1490
-1475
-1460
-1445
-1430
-1415
-1400
-1385
-1430
-1336
-1322
-1308
-1294
-1281
-1268
-1255
-1242
-1229
-1216
-1261
-1248
-1283
-1270
-1387
-1373
-1424
-1409
-1394
-1380
-1366
-1352
-1338
-1324
-1310
-1296
-1283
-1270
-1257
-1244
-1231
-1275
-1209
-1196
-1184
-1172
-1160
-1148
-1136
-1124
-1112
-1100
-1088
-1077
-1066
-1055
-1044
-1033
-1022
-1091
-1156
-1160
-1217
-1204
-1191
-1179
-1167
-1155
-1143
-1131
-1119
-1107
-1095
-1084
-1073
-1062
-1051
-1040
-1072
-1061
-1105
-1093
-1082
-1071
-1060
-1049
-1038
-1027
-1016
-1005
-994
-984
-974
-964
-954
-944
-938
-1064
-1111
-1145
-1266
-1253
-1240
-1227
-1214
-1201
-1188
-1176
-1164
-1152
-1140
-1128
-1116
-1121
-1109
-1097
-1086
-1075
-1064
-1053
-1042
-1031
-1020
-1009
-998
-988
-978
-968
-958
-948
-938
-928
-918
-908
-898
-889
-976
-966
-874
-865
-856
-847
-838
-829
-820
-811
-802
-793
-785
-777
-769
-761
-753
-745
-737
-729
-721
-789
-740
-732
-724
-716
-708
-700
-692
-685
-678
-671
-667
-660
-653
-721
-817
-829
-820
-811
-802
-793
-785
-777
-769
-761
-753
-745
-737
-729
-721
-761
-808
-799
-791
-835
-826
-817
-808
-787
-779
-771
-763
-755
-747
-739
-731
-723
-715
-707
-699
-692
-685
-678
-727
-798
-790
-782
-774
-766
-758
-750
-742
-734
-726
-718
-710
-702
-694
-670
-663
-607
-600
-593
-587
-581
-575
-569
-563
-557
-551
-545
-539
-533
-527
-662
-630
-623
-616
-609
-602
-595
-589
-583
-577
-571
-565
-653
-646
-694
-687
-680
-673
-666
-659
-643
-643
-636
-629
-622
-615
-608
-601
-685
-678
-671
-664
-657
-650
-603
-596
-590
-584
-578
-572
-566
-560
-554
-452
-447
-380
-376
-372
-368
-364
-360
-356
-352
-348
-344
-340
-336
-332
-328
-324
-320
-168
-166
-114
-112
-110
-108
-106
-104
-102
-100
-98
-97
-96
-95
-94
-93
-92
-91
-90
-89
-88
-87
-86
-85
-84
-83
-82
-81
-80
-19
-18
-17
-16
-114
-112
-110
-108
-106
-104
-108
-113
-111
-109
-107
-105
-103
-101
-99
-98
-97
-96
-95
-94
-93
-92
-91
-90
-89
-88
-87
-86
-85
-84
-83
-82
-81
-80
-79
-78
-77
-76
-75
-74
-73
-72
-71
-70
-69
-68
-67
-66
-65
-64
-63
-62
-61
-60
-59
-58
-57
-56
-55
-54
-53
-52
-51
-50
-49
-48
67
66
177
175
150
148
146
240
237
234
231
228
225
222
219
216
213
210
207
263
356
352
348
344
340
336
332
328
324
320
316
312
308
304
300
296
293
290
287
284
281
278
443
569
563
557
551
545
539
533
527
521
515
509
503
497
492
487
482
477
485
603
596
590
584
586
580
428
423
418
413
408
403
398
394
390
386
382
378
374
370
366
262
158
156
154
152
150
148
146
144
142
140
138
136
134
132
130
128
126
124
38
100
98
97
96
95
94
93
92
91
90
33
32
-35
-87
-112
-110
-108
-106
-104
-102
-100
-177
-175
-232
-229
-226
-223
-220
-217
-214
-211
-276
-352
-348
-344
-340
-336
-332
-328
-324
-320
-464
-488
-483
-478
-473
-468
-463
-458
-453
-448
-443
-438
-433
-428
-423
-418
-413
-408
-403
-398
-394
-500
-556
-550
-544
-638
-631
-624
-617
-610
-603
-596
-590
-584
-578
-572
-566
-560
-554
-548
-542
-536
-535
-529
-550
-544
-564
-614
-607
-600
-593
-587
-581
-575
-569
-563
-557
-551
-545
-539
-533
-527
-502
-496
-491
-486
-438
-433
-428
-423
-418
-413
-408
-403
-398
-394
-390
-386
-533
-530
-524
-518
-512
-506
-500
-494
-489
-484
-479
-474
-469
-464
-459
-454
-597
-682
-675
-668
-661
-654
-647
-640
-633
-626
-619
-612
-605
-598
-592
-586
-580
-574
-568
-562
-556
-550
-544
-538
-532
-526
-520
-514
-508
-502
-496
-491
-486
-400
-309
-305
-301
-297
-294
-291
-288
-207
-125
-123
-121
-119
-117
-115
-113
-87
-18
15
14
13
12
11
10
9
-9
-7
-6
-5
-4
-3
-2
-1
-82
-82
-140
-138
-136
-134
-132
-130
-128
-149
-235
-232
-229
-226
-337
-478
-610
-712
-704
-877
-979
-1127
-1115
-1103
-1091
-1080
-1069
-1058
-1047
-1036
-1208
-1195
-1431
-1599
-1630
-1704
-1740
-1842
-1823
-1804
-1785
-1840
-1995
-1975
-1955
-1935
-1915
-1895
-1876
-1857
-1838
-1819
-1800
-1962
-2047
-2026
-2005
-2096
-2219
-2409
-2510
-2628
-2727
-2825
-2922
-2892
-2989
-2959
-3073
-3186
-3280
-3373
-3339
-3305
-3271
-3238
-3205
-3172
-3266
-3359
-3487
-3452
-3417
-3382
-3348
-3314
-3280
-3247
-3214
-3307
-3463
-3531
-3495
-3558
-3680
-3643
-3743
-3705
-3667
-3788
-3963
-4095
-4054
-4185
-4356
-4312
-4268
-4225
-4182
-4353
-4435
-4580
-4747
-4802
-4753
-4705
-4847
-4970
-4920
-5078
-5148
-5199
-5146
-5284
-5426
-5371
-5512
-5619
-5688
-5826
-5893
-6029
-6094
-6033
-5972
-6136
-6074
-6216
-6315
-6464
-6499
-6554
-6678
-6611
-6681
-6614
-6755
-6882
-6813
-6744
-6802
-6733
-6665
-6719
-6823
-6875
-6909
-6942
-7062
-7117
-7258
-7380
-7432
-7502
-7579
-7727
-7649
-7572
-7496
-7564
-7694
-7760
-7808
-7729
-7651
-7718
-7640
-7563
-7487
-7412
-7550
-7540
-7685
-7793
-7906
-8032
-8125
-8256
-8397
-8536
-8656
-8764
-8799
-8863
-8929
-8983
-9037
-9141
-9262
-9169
-9301
-9420
-9480
-9598
-9725
-9627
-9722
-9816
-9872
-9773
-9675
-9722
-9750
-9876
-9900
-9800
-9701
-9758
-9884
-9998
-10121
-10211
-10311
-10351
-10370
-10380
-10489
-10384
-10475
-10583
-10669
-10757
-10841
-10876
-10991
-10880
-10771
-10768
-10884
-10999
-11112
-11144
-11245
-11248
-11359
-11458
-11477
-11538
-11635
-11742
-11624
-11720
-11778
-11866
-11960
-12035
-12145
-12197
-12287
-12164
-12042
-12094
-12119
-12228
-12278
-12310
-12410
-12419
-12294
-12307
-12338
-12358
-12381
-12409
-12410
-12429
-12517
-12604
-12690
-12688
-12722
-12789
-12794
-12820
-12691
-12721
-12737
-12746
-12810
-12905
-12775
-12860
-12944
-13027
-13030
-12899
-12895
-12899
-12982
-13026
-13119
-13179
-13228
-13095
-12963
-13046
-13139
-13202
-13293
-13321
-13382
-13461
-13539
-13579
-13587
-13623
-13623
-13710
-13785
-13860
-13865
-13870
-13731
-13806
-13822
-13848
-13853
-13876
-13961
-13983
-14035
-14049
-13908
-13941
-13974
-13989
-14003
-14024
-14009
-14030
-14033
-14087
-14158
-14016
-13875
-13736
-13703
-13778
-13832
-13924
-13997
-14000
-14014
-13999
-14071
-14143
-14193
-14050
-14151
-14135
-14224
-14312
-14392
-14352
-14334
-14403
-14453
-14308
-14358
-14214
-14071
-14135
-13993
-14038
-13897
-13949
-13809
-13883
-13744
-13830
-13691
-13679
-13755
-13830
-13915
-13775
-13792
-13779
-13865
-13921
-13936
-13969
-13829
-13863
-13879
-13884
-13861
-13884
-13879
-13884
-13900
-13904
-13937
-14039
-14129
-14218
-14317
-14173
-14175
-14257
-14258
-14115
-13973
-13977
-13963
-13967
-13968
-13990
-13993
-13996
-13999
-14100
-14102
-14086
-14158
-14160
-14018
-14003
-13862
-13849
-13854
-13715
-13577
-13441
-13450
-13528
-13618
-13712
-13697
-13682
-13668
-13744
-13819
-13875
-13736
-13598
-13461
-13326
-13297
-13387
-13425
-13290
-13156
-13156
-13195
-13243
-13284
-13151
-13019
-12888
-12758
-12742
-12614
-12610
-12696
-12568
-12655
-12633
-12719
-12804
-12812
-12896
-12766
-12638
-12634
-12710
-12767
-12744
-12771
-12824
-12887
-12971
-12841
-12925
-12990
-12859
-12730
-12602
-12475
-12545
-12632
-12631
-12710
-12806
-12819
-12832
-12877
-12885
-12756
-12754
-12757
-12792
-12826
-12853
-12850
-12877
-12748
-12620
-12493
-12530
-12617
-12685
-12753
-12751
-12623
-12622
-12690
-12562
-12562
-12436
-12311
-12187
-12065
-12070
-11949
-11955
-11961
-12036
-11915
-11896
-11776
-11658
-11738
-11783
-11738
-11682
-11638
-11583
-11467
-11393
-11278
-11183
-11165
-11106
-10994
-10883
-10868
-10759
-10745
-10637
-10530
-10424
-10413
-10402
-10391
-10286
-10277
-10215
-10206
-10165
-10063
-9962
-9956
-9950
-9850
-9751
-9653
-9556
-9460
-9365
-9271
-9178
-9086
-9068
-9071
-8980
-8890
-8801
-8712
-8624
-8537
-8451
-8366
-8282
-8199
-8116
-8034
-7953
-7941
-7945
-7865
-7786
-7708
-7596
-7569
-7493
-7511
-7435
-7360
-7286
-7286
-7213
-7140
-7068
-6997
-6958
-7000
-6929
-6859
-6790
-6722
-6682
-6615
-6503
-6437
-6372
-6308
-6244
-6181
-6144
-6082
-6092
-6031
-5970
-5977
-5953
-5966
-5924
-5903
-5909
-5849
-5790
-5732
-5674
-5624
-5601
-5544
-5554
-5529
-5505
-5449
-5491
-5533
-5477
-5519
-5463
-5408
-5353
-5299
-5245
-5192
-5140
-5177
-5250
-5197
-5144
-5153
-5219
-5284
-5326
-5285
-5232
-5234
-5199
-5146
-5094
-5132
-5159
-5107
-5108
-5074
-5119
-5146
-5167
-5183
-5165
-5113
-5144
-5165
-5253
-5200
-5153
-5121
-5209
-5202
-5156
-5177
-5125
-5082
-5058
-5066
-5099
-5106
-5054
-5035
-5009
-5049
-5043
-5106
-5061
-5042
-5087
-5091
-5108
-5077
-5037
-4940
-4886
-4908
-4916
-4969
-4974
-4970
-5003
-5073
-5121
-5168
-5116
-5181
-5216
-5255
-5294
-5379
-5415
-5349
-5369
-5315
-5261
-5332
-5278
-5225
-5172
-5251
-5198
-5145
-5093
-5141
-5163
-5208
-5217
-5295
-5372
-5318
-5264
-5308
-5254
-5309
-5255
-5202
-5149
-5097
-5045
-4994
-4944
-4894
-4845
-4796
-4855
-4864
-4815
-4824
-4775
-4835
-4894
-4914
-4887
-4907
-4857
-4808
-4787
-4739
-4691
-4644
-4597
-4550
-4612
-4576
-4530
-4484
-4439
-4394
-4350
-4306
-4267
-4240
-4293
-4381
-4337
-4293
-4250
-4207
-4164
-4122
-4188
-4146
-4235
-4323
-4279
-4236
-4193
-4151
-4109
-4067
-3992
-3952
-3912
-3872
-3833
-3794
-3756
-3718
-3680
-3643
-3606
-3569
-3533
-3497
-3461
-3426
-3391
-3357
-3323
-3289
-3256
-3223
-3190
-3158
-3126
-3094
-3063
-3032
-3001
-2902
-2980
-2950
-2920
-2890
-2861
-2832
-2803
-2774
-2746
-2762
-2734
-2706
-2802
-2773
-2869
-2979
-2949
-2991
-2961
-2958
-3045
-3118
-3213
-3180
-3292
-3392
-3509
-3473
-3576
-3540
-3615
-3578
-3634
-3597
-3560
-3524
-3649
-3612
-3702
-3688
-3744
-3803
-3857
-3806
-3767
-3729
-3691
-3647
-3610
-3573
-3605
-3568
-3566
-3534
-3498
-3538
-3704
-3666
-3629
-3645
-3716
-3805
-3819
-3823
-3900
-3983
-4009
-3995
-3955
-3915
-3875
-3859
-3820
-3781
-3859
-4011
-3970
-3930
-3928
-3991
-4134
-4219
-4176
-4103
-4185
-4215
-4172
-4272
-4314
-4344
-4300
-4256
-4321
-4277
-4342
-4459
-4436
-4391
-4458
-4435
-4398
-4353
-4309
-4343
-4390
-4443
-4398
-4353
-4368
-4373
-4329
-4285
-4242
-4232
-4282
-4239
-4196
-4153
-4111
-4196
-4211
-4224
-4205
-4255
-4212
-4169
-4127
-4178
-4185
-4212
-4235
-4192
-4150
-4108
-4066
-4025
-4077
-4085
-4093
-4052
-4011
-4019
-4027
-3986
-3946
-3906
-3866
-3844
-3852
-3813
-3890
-3987
-4015
-4064
-4132
-4090
-4049
-4158
-4116
-4236
-4275
-4352
-4424
-4379
-4335
-4291
-4327
-4313
-4375
-4331
-4287
-4244
-4201
-4158
-4116
-4163
-4227
-4184
-4142
-4100
-4058
-4017
-3976
-3955
-3915
-3875
-3879
-3840
-3844
-3894
-3855
-3816
-3866
-3916
-3876
-3837
-3798
-3759
-3721
-3683
-3646
-3609
-3660
-3639
-3567
-3556
-3539
-3503
-3394
-3360
-3317
-3283
-3250
-3217
-3184
-3152
-3120
-3088
-3057
-3026
-2995
-2988
-2986
-2956
-2926
-2817
-2751
-2671
-2644
-2617
-2590
-2564
-2538
-2512
-2486
-2461
-2436
-2411
-2386
-2304
-2281
-2284
-2310
-2286
-2263
-2240
-2217
-2194
-2172
-2150
-2128
-2106
-2084
-2063
-2042
-2021
-2044
-2023
-2063
-2042
-2021
-2000
-1979
-1959
-1939
-1919
-1899
-1879
-1860
-1841
-1822
-1803
-1784
-1766
-1748
-1730
-1712
-1694
-1677
-1714
-1769
-1751
-1733
-1715
-1697
-1680
-1663
-1646
-1629
-1612
-1595
-1641
-1751
-1733
-1715
-1697
-1680
-1663
-1646
-1629
-1612
-1595
-1579
-1563
-1605
-1661
-1644
-1627
-1610
-1593
-1577
-1561
-1545
-1711
-1857
-1838
-2049
-2281
-2258
-2235
-2212
-2189
-2167
-2145
-2123
-2101
-2079
-2058
-2037
-2016
-1995
-1975
-2072
-2152
-2130
-2108
-2086
-2065
-2044
-2023
-2002
-1981
-1961
-1941
-1921
-1901
-1881
-1862
-2087
-2121
-2099
-2077
-2056
-2035
-2014
-1993
-1973
-1953
-1933
-1913
-1893
-2085
-2353
-2329
-2305
-2281
-2258
-2235
-2212
-2189
-2167
-2145
-2123
-2101
-2079
-2058
-2037
-2016
-1995
-1975
-1955
-1935
-1915
-1895
-1876
-1857
-1838
-1819
-1800
-1781
-1763
-1745
-1727
-1709
-1691
-1674
-1657
-1640
-1623
-1606
-1589
-1573
-1557
-1918
-1950
-1930
-1910
-1890
-1871
-1852
-1833
-1814
-1795
-1777
-1759
-1741
-1723
-1705
-1687
-1670
-1653
-1636
-1721
-1703
-1775
-1757
-1882
-1863
-1938
-1918
-1898
-1879
-1860
-1841
-1822
-1803
-1784
-1766
-1956
-2021
-2000
-1979
-1959
-1939
-1919
-1899
-1879
-1860
-1841
-1822
-1803
-1784
-1766
-1748
-1730
-1712
-1694
-1677
-1815
-1796
-1778
-1760
-1791
-1773
-1755
-1737
-1719
-1701
-1683
-1666
-1649
-1632
-1615
-1598
-1582
-1566
-1550
-1534
-1518
-1502
-1486
-1471
-1456
-1441
-1426
-1411
-1396
-1382
-1368
-1354
-1340
-1326
-1312
-1298
-1414
-1414
-1399
-1384
-1370
-1356
-1342
-1328
-1314
-1300
-1286
-1273
-1260
-1247
-1234
-1221
-1208
-1195
-1183
-1163
-1151
-1093
-1082
-1042
-873
-864
-855
-846
-837
-828
-819
-810
-801
-792
-784
-722
-562
-556
-550
-544
-538
-532
-526
-520
-514
-508
-502
-496
-491
-486
-481
-476
-471
-369
-365
-278
-275
-272
-269
-266
-263
-287
-332
-328
-324
-320
-316
-312
-308
-369
-385
-381
-377
-373
-369
-365
-361
-357
-353
-349
-345
-341
-337
-333
-329
-325
-265
-262
-259
-256
-177
-175
-173
-171
-169
-167
-165
-163
-161
-159
-157
-155
-104
-102
-100
-98
-97
-96
-95
-94
48
47
46
45
44
43
42
41
40
39
46
208
205
202
199
197
195
193
191
189
187
185
183
181
179
177
175
173
331
424
419
417
369
365
361
398
394
390
386
382
378
374
370
366
362
358
342
338
412
407
402
397
393
365
305
301
297
294
291
288
285
282
279
277
274
210
207
204
201
198
196
194
192
190
188
186
184
182
180
178
176
174
334
394
390
386
372
368
452
447
442
437
432
442
380
376
372
368
364
360
356
329
364
360
356
352
348
344
340
336
332
328
324
320
316
312
308
304
357
353
368
364
360
356
352
348
344
340
336
332
328
324
320
316
312
308
304
312
284
262
259
256
253
250
247
244
241
238
235
232
229
226
223
220
217
87
51
50
49
48
47
46
45
44
43
42
41
40
39
38
37
36
35
34
33
32
31
-62
13
12
11
10
9
8
7
6
5
4
3
2
1
0
0
0
0
0
0
0
0
-82
-59
-58
-57
-56
-55
-54
45
44
2
1
0
0
0
0
0
-26
-43
-42
-41
-40
-39
-38
-37
-36
-35
-34
-33
-32
-31
-30
-29
-28
-27
29
82
81
80
79
78
77
76
75
74
73
72
71
70
69
68
247
244
241
238
273
270
267
264
261
258
255
252
249
246
243
240
237
355
351
347
357
353
349
345
341
263
260
148
146
144
142
140
138
136
134
132
130
202
199
197
195
218
162
160
158
156
111
78
26
-5
-66
-3
-166
-333
-423
-532
-681
-795
-787
-997
-987
-1120
-1108
-1096
-1218
-1396
-1382
-1536
-1663
-1814
-1938
-2061
-2206
-2183
-2396
-2653
-2626
-2599
-2572
-2546
-2796
-3051
-3213
-3431
-3647
-3861
-3983
-4095
-4300
-4256
-4213
-4170
-4128
-4051
-4240
-4197
-4384
-4614
-4841
-5066
-5289
-5487
-5705
-5943
-6168
-6334
-6485
-6420
-6570
-6760
-6971
-6901
-6831
-7041
-7187
-7229
-7403
-7520
-7571
-7661
-7892
-8057
-8256
-8173
-8327
-8497
-8628
-8719
-8775
-8885
-9004
-9058
-9148
-9280
-9187
-9300
-9466
-9371
-9277
-9390
-9519
-9646
-9549
-9679
-9788
-9896
-9796
-9801
-9908
-9995
-10121
-10261
-10406
-10301
-10442
-10582
-10682
-10678
-10571
-10465
-10360
-10423
-10502
-10616
-10724
-10813
-10919
-10809
-10922
-11016
-11040
-10997
-10886
-10960
-11047
-10936
-10826
-10717
-10824
-10937
-10955
-11067
-11160
-11252
-11210
-11097
-11134
-11240
-11106
-11067
-11128
-11110
-10998
-10958
-10919
-10880
-10842
-10733
-10625
-10589
-10554
-10588
-10482
-10471
-10366
-10402
-10455
-10421
-10316
-10283
-10180
-10078
-9977
-9948
-9960
-9910
-9881
-9885
-9786
-9814
-9715
-9688
-9701
-9713
-9615
-9610
-9639
-9654
-9683
-9712
-9740
-9786
-9832
-9877
-9904
-9930
-9830
-9857
-9884
-9911
-9914
-9917
-9920
-9923
-9949
-9952
-9955
-9981
-10007
-10009
-9908
-9902
-9946
-9919
-9892
-9954
-10016
-9985
-9976
-9985
-10006
-10046
-10050
-10040
-10062
-10123
-10162
-10151
-10211
-10270
-10329
-10369
-10356
-10414
-10492
-10569
-10463
-10541
-10579
-10656
-10711
-10688
-10764
-10789
-10814
-10838
-10912
-10928
-10962
-10946
-10836
-10910
-10944
-11017
-11071
-11104
-10992
-11064
-11136
-11150
-11182
-11253
-11284
-11354
-11423
-11491
-11501
-11536
-11603
-11486
-11497
-11528
-11607
-11655
-11772
-11888
-11950
-12013
-12057
-12149
-12171
-12301
-12429
-12487
-12575
-12662
-12700
-12745
-12617
-12714
-12586
-12705
-12822
-12887
-12952
-12945
-12939
-12942
-12995
-13040
-13103
-13126
-13167
-13208
-13248
-13115
-13156
-13179
-13260
-13271
-13282
-13304
-13170
-13161
-13191
-13058
-13082
-12951
-12955
-12998
-13019
-13040
-13061
-13082
-13074
-13098
-13103
-13133
-13156
-13176
-13217
-13257
-13124
-13154
-13166
-13196
-13215
-13252
-13310
-13349
-13406
-13415
-13474
-13519
-13548
-13412
-13432
-13423
-13414
-13444
-13461
-13499
-13536
-13544
-13570
-13434
-13475
-13474
-13494
-13515
-13534
-13571
-13629
-13683
-13701
-13754
-13768
-13735
-13759
-13780
-13642
-13696
-13749
-13755
-13740
-13602
-13465
-13330
-13366
-13232
-13311
-13368
-13234
-13274
-13285
-13325
-13403
-13412
-13411
-13380
-13398
-13412
-13382
-13248
-13249
-13271
-13290
-13321
-13360
-13399
-13398
-13394
-13429
-13435
-13501
-13556
-13621
-13696
-13681
-13699
-13705
-13740
-13757
-13774
-13791
-13652
-13515
-13541
-13557
-13594
-13630
-13645
-13652
-13631
-13649
-13638
-13663
-13670
-13706
-13762
-13750
-13767
-13755
-13782
-13788
-13843
-13877
-13911
-13944
-13804
-13809
-13670
-13533
-13570
-13589
-13547
-13524
-13388
-13405
-13408
-13443
-13478
-13513
-13550
-13584
-13579
-13613
-13476
-13532
-13566
-13600
-13661
-13697
-13714
-13702
-13564
-13590
-13608
-13612
-13626
-13489
-13515
-13541
-13578
-13597
-13615
-13633
-13651
-13640
-13658
-13521
-13540
-13530
-13538
-13528
-13547
-13566
-13553
-13590
-13608
-13633
-13673
-13734
-13776
-13638
-13613
-13627
-13627
-13490
-13498
-13499
-13363
-13229
-13096
-13101
-13124
-13147
-13170
-13214
-13225
-13218
-13258
-13316
-13355
-13221
-13268
-13290
-13282
-13279
-13311
-13177
-13045
-13019
-13032
-13003
-12872
-12869
-12884
-12755
-12750
-12766
-12761
-12809
-12874
-12900
-12943
-12813
-12684
-12557
-12554
-12572
-12619
-12636
-12646
-12519
-12393
-12423
-12435
-12457
-12487
-12446
-12423
-12392
-12266
-12269
-12269
-12308
-12184
-12153
-12157
-12035
-12058
-11937
-11917
-11925
-11899
-11873
-11869
-11933
-12025
-12098
-12102
-12074
-12079
-11958
-11868
-11843
-11779
-11723
-11699
-11675
-11702
-11710
-11718
-11694
-11576
-11515
-11493
-11377
-11389
-11400
-11411
-11390
-11341
-11300
-11241
-11254
-11267
-11248
-11208
-11118
-11006
-10895
-10897
-10913
-10858
-10749
-10682
-10630
-10617
-10512
-10429
-10365
-10302
-10198
-10189
-10128
-10081
-10053
-10032
-10043
-10054
-10008
-10001
-9900
-9894
-9794
-9789
-9732
-9723
-9717
-9713
-9638
-9541
-9557
-9555
-9518
-9534
-9532
-9548
-9507
-9445
-9444
-9443
-9460
-9365
-9365
-9365
-9365
-9365
-9326
-9287
-9285
-9143
-8979
-8783
-8628
-8435
-8244
-8055
-7902
-7750
-7566
-7384
-7204
-7059
-6882
-6741
-6601
-6462
-6291
-6122
-5954
-5788
-5592
-5536
-5342
-5150
-4971
-4815
-4637
-4495
-4355
-4184
-3981
-3846
-3646
-3482
-3352
-3159
-3032
-2941
-2791
-2839
-2738
-2615
-2461
-2309
-2111
-1915
-1697
-1448
-1433
-1186
-942
-895
-654
-712
-781
-510
-242
-235
-273
-210
-170
-233
-319
-359
-355
-338
-330
-302
-197
-195
-77
-76
0
-20
-96
-149
-224
-250
-255
-252
-326
-399
-449
-420
-391
-363
-358
-341
-354
-350
-358
-287
-284
-301
-241
-137
-87
-151
-148
-133
-131
-141
-138
-136
-134
-132
-129
-116
-158
-89
-8
142
212
175
284
281
402
601
609
606
714
666
721
796
882
990
937
1074
1201
1188
1304
1384
1370
1416
1440
1498
1475
1588
1662
1748
1763
1762
1744
1750
1858
1839
1820
1801
1748
1817
1945
1991
2035
2014
1993
1891
1903
1826
1738
1642
1625
1608
1591
1525
1461
1446
1431
1334
1238
1304
1221
1261
1288
1275
1285
1249
1323
1365
1351
1337
1266
1230
1217
1194
1147
1135
1088
1100
1042
951
870
778
747
693
765
711
711
687
609
556
504
440
432
561
713
769
747
796
753
745
679
637
630
623
616
643
636
571
600
559
554
479
440
492
487
482
419
356
352
326
322
272
292
266
286
260
222
161
136
111
63
14
-35
-103
-147
-168
-224
-221
-278
-333
-389
-443
-509
-549
-589
-641
-703
-730
-722
-714
-706
-767
-794
-878
-869
-849
-957
-947
-995
-1054
-1009
-1056
-1137
-1194
-1274
-1261
-1340
-1315
-1290
-1277
-1264
-1251
-1238
-1225
-1212
-1222
-1209
-1228
-1215
-1234
-1253
-1240
-1328
-1314
-1300
-1340
-1427
-1412
-1429
-1414
-1388
-1464
-1449
-1501
-1485
-1513
-1555
-1559
-1554
-1581
-1565
-1560
-1579
-1621
-1675
-1658
-1641
-1693
-1711
-1728
-1710
-1703
-1685
-1656
-1639
-1622
-1605
-1599
-1582
-1542
-1571
-1544
-1551
-1511
-1483
-1444
-1371
-1380
-1435
-1396
-1335
-1321
-1352
-1338
-1346
-1401
-1386
-1372
-1427
-1389
-1444
-1463
-1448
-1467
-1452
-1460
-1490
-1463
-1459
-1466
-1473
-1458
-1454
-1461
-1446
-1487
-1494
-1398
-1395
-1381
-1367
-1353
-1281
-1268
-1266
-1253
-1228
-1215
-1202
-1199
-1149
-1137
-1113
-1064
-1053
-1069
-1060
-1111
-1196
-1251
-1248
-1284
-1271
-1258
-1245
-1290
-1310
-1329
-1313
-1299
-1334
-1369
-1355
-1341
-1327
-1254
-1244
-1231
-1218
-1205
-1192
-1229
-1265
-1252
-1288
-1275
-1272
-1226
-1233
-1220
-1207
-1239
-1271
-1291
-1356
-1386
-1382
-1476
-1592
-1645
-1628
-1661
-1694
-1677
-1660
-1692
-1685
-1740
-1722
-1668
-1651
-1667
-1650
-1669
-1619
-1613
-1623
-1667
-1647
-1691
-1637
-1620
-1603
-1619
-1604
-1600
-1667
-1733
-1815
-1963
-2034
-2048
-2027
-2006
-2058
-2179
-2229
-2206
-2291
-2277
-2254
-2350
-2326
-2302
-2362
-2338
-2314
-2290
-2267
-2244
-2196
-2232
-2209
-2244
-2245
-2269
-2265
-2300
-2426
-2401
-2418
-2481
-2456
-2581
-2555
-2610
-2583
-2668
-2641
-2672
-2645
-2676
-2649
-2680
-2653
-2684
-2681
-2662
-2635
-2608
-2605
-2637
-2610
-2641
-2614
-2587
-2561
-2535
-2509
-2541
-2504
-2559
-2557
-2531
-2476
-2509
-2575
-2549
-2523
-2497
-2519
-2520
-2494
-2469
-2444
-2407
-2393
-2369
-2345
-2321
-2297
-2274
-2251
-2239
-2216
-2204
-2192
-2112
-2009
-1907
-1829
-1752
-1701
-1650
-1628
-1659
-1665
-1648
-1631
-1614
-1558
-1550
-1561
-1577
-1561
-1558
-1581
-1692
-1757
-1729
-1677
-1709
-1691
-1740
-1788
-1847
-1905
-1885
-1952
-1975
-1955
-1935
-1915
-1905
-1998
-1978
-2042
-2021
-2038
-2171
-2149
-2246
-2333
-2428
-2540
-2631
-2685
-2658
-2680
-2676
-2707
-2679
-2730
-2810
-2859
-2978
-3096
-3243
-3388
-3472
-3555
-3519
-3483
-3448
-3413
-3450
-3492
-3457
-3446
-3473
-3483
-3425
-3357
-3323
-3289
-3256
-3252
-3167
-3113
-3081
-3024
-3001
-2970
-2969
-2887
-2867
-2838
-2809
-2780
-2752
-2724
-2696
-2652
-2625
-2608
-2581
-2550
-2519
-2488
-2463
-2437
-2410
-2385
-2348
-2321
-2253
-2230
-2246
-2202
-2179
-2157
-2135
-2061
-1996
-2010
-1989
-1969
-1960
-1974
-1963
-1918
-1931
-1944
-1924
-1914
-1917
-1897
-1936
-2008
-2045
-2024
-2095
-2132
-2110
-2088
-2170
-2158
-2136
-2124
-2135
-2133
-2028
-2040
-2039
-2018
-1973
-1953
-1897
-1829
-1810
-1753
-1652
-1598
-1592
-1609
-1592
-1620
-1544
-1528
-1512
-1496
-1481
-1452
-1446
-1486
-1481
-1385
-1347
-1309
-1271
-1258
-1245
-1185
-1173
-1161
-1149
-1137
-1078
-1019
-1008
-926
-892
-836
-827
-818
-809
-800
-791
-783
-775
-720
-712
-657
-650
-596
-590
-584
-578
-572
-566
-560
-554
-548
-518
-488
-436
-431
-426
-363
-359
-308
-223
-220
-183
-181
-179
-96
-95
-13
46
69
68
67
66
65
145
171
140
93
92
91
73
14
7
6
5
4
3
-23
6
5
4
3
2
1
15
-103
-101
-50
-40
-39
-38
-37
-36
-35
-34
-33
-46
-45
-85
-84
-83
-82
-64
-35
-34
-33
-32
-31
-30
-98
-132
-171
-169
-167
-165
-261
-399
-586
-580
-574
-568
-562
-556
-550
-657
-668
-661
-782
-774
-933
-1095
-1084
-1073
-1062
-1262
-1249
-1558
-1542
-1526
-1510
-1617
-1742
-1724
-1706
-1822
-1803
-1784
-1766
-1796
-1778
-1760
-1806
-1787
-1769
-1873
-1915
-1878
-1866
-1847
-1828
-1917
-2034
-2131
-2109
-2087
-2066
-2045
-2024
-2003
-1982
-2051
-2030
-2009
-1988
-1968
-1948
-1928
-1908
-1888
-1869
-2002
-2221
-2198
-2175
-2153
-2131
-2109
-2087
-2066
-2045
-2168
-2307
-2417
-2392
-2368
-2344
-2481
-2613
-2586
-2560
-2534
-2508
-2482
-2457
-2432
-2569
-2711
-2683
-2656
-2629
-2602
-2575
-2549
-2523
-2497
-2472
-2447
-2422
-2397
-2373
-2564
-2756
-2728
-2700
-2672
-2645
-2618
-2591
-2565
-2539
-2513
-2487
-2462
-2437
-2412
-2387
-2363
-2594
-2875
-3054
-3023
-2992
-2962
-2932
-2902
-2872
-2843
-2814
-2785
-2757
-2729
-2701
-2673
-2646
-2619
-2592
-2566
-2540
-2705
-2920
-2890
-2861
-3036
-3005
-2974
-2944
-2914
-2884
-2855
-2826
-2797
-2769
-2741
-2713
-2685
-2786
-2922
-2892
-2863
-2834
-2805
-2776
-2748
-2720
-2692
-2665
-2836
-2807
-2778
-2948
-2918
-2888
-2859
-3017
-2986
-2956
-2926
-2896
-2867
-2838
-2809
-2780
-2752
-2900
-3058
-3214
-3304
-3270
-3237
-3204
-3171
-3383
-3349
-3315
-3281
-3483
-3448
-3413
-3378
-3344
-3310
-3276
-3243
-3210
-3177
-3145
-3113
-3081
-3050
-3019
-2988
-2958
-2928
-3011
-3070
-3039
-3008
-2977
-2947
-2917
-2887
-2858
-2829
-2800
-2771
-2911
-2990
-2960
-2930
-3122
-3090
-3059
-3033
-3002
-2971
-2941
-2911
-2881
-2852
-2823
-2794
-2766
-2882
-2853
-2824
-2856
-2827
-2798
-2769
-2741
-2713
-2685
-2658
-2631
-2604
-2577
-2592
-2566
-2538
-2512
-2486
-2461
-2436
-2411
-2386
-2492
-2671
-2644
-2617
-2590
-2725
-2797
-2836
-2905
-2875
-3020
-3199
-3284
-3275
-3414
-3542
-3506
-3647
-3610
-3573
-3700
-3756
-3904
-4041
-4147
-4304
-4424
-4504
-4618
-4756
-4708
-4778
-4949
-5118
-5066
-5260
-5452
-5397
-5603
-5807
-6018
-6085
-6285
-6515
-6742
-6674
-6861
-7091
-7289
-7515
-7670
-7815
-7898
-7946
-8034
-8133
-8210
-8291
-8431
-8516
-8600
-8771
-8926
-9096
-9290
-9413
-9540
-9444
-9650
-9553
-9719
-9884
-9947
-9847
-9748
-9897
-10057
-9926
-9998
-10099
-10186
-10325
-10423
-10615
-10773
-10923
-10813
-10940
-10830
-10950
-11029
-11137
-11301
-11391
-11446
-11587
-11771
-11791
-11819
-11999
-12198
-12395
-12491
-12569
-12662
-12783
-12973
-12967
-12975
-13073
-13092
-13211
-13347
-13213
-13338
-13506
-13579
-13633
-13669
-13636
-13551
-13463
-13457
-13530
-13591
-13661
-13741
-13661
-13670
-13635
-13582
-13617
-13642
-13505
-13552
-13599
-13657
-13520
-13553
-13517
-13468
-13534
-13521
-13570
-13654
-13701
-13798
-13800
-13852
-13940
-13952
-13896
-13886
-13788
-13813
-13918
-13862
-13857
-13960
-14098
-14157
-14242
-14283
-14324
-14371
-14447
-14405
-14260
-14308
-14391
-14473
-14548
-14528
-14508
-14561
-14612
-14591
-14659
-14734
-14746
-14634
-14631
-14681
-14681
-14759
-14790
-14827
-14896
-14925
-14775
-14806
-14882
-14975
-15028
-14880
-14934
-14909
-14963
-14999
-15012
-14969
-14927
-14885
-14844
-14796
-14716
-14747
-14599
-14553
-14554
-14611
-14529
-14424
-14304
-14339
-14413
-14362
-14218
-14201
-14099
-14113
-14196
-14156
-14000
-13953
-14017
-14094
-14177
-14260
-14342
-14423
-14496
-14497
-14498
-14492
-14346
-14443
-14438
-14456
-14474
-14492
-14509
-14503
-14554
-14594
-14672
-14665
-14619
-14504
-14390
-14245
-14157
-13992
-13883
-13760
-13520
-13257
-12935
-12784
-12663
-12538
-12278
-11989
-11930
-11904
-11839
-11814
-11695
-11671
-11614
-11591
-11568
-11512
-11456
-11382
-11362
-11342
-11301
-11226
-11181
-11121
-11103
-11085
-11068
-11069
-11052
-11035
-11018
-11019
-11018
-10907
-10902
-10847
-10864
-10841
-10832
-10734
-10671
-10609
-10584
-10542
-10557
-10595
-10614
-10601
-10620
-10616
-10612
-10644
-10640
-10677
-10751
-10787
-10802
-10814
-10867
-10867
-10870
-10905
-10921
-10937
-10953
-10969
-11003
-11036
-11069
-11102
-11134
-11166
-11180
-11194
-11222
-11253
-11263
-11276
-11307
-11319
-11349
-11379
-11409
-11420
-11431
-11460
-11471
-11482
-11511
-11521
-11531
-11541
-11569
-11579
-11607
-11616
-11625
-11634
-11643
-11670
-11658
-11664
-11691
-11696
-11610
-11582
-11592
-11601
-11628
-11637
-11715
-11597
-11693
-11719
-11727
-11609
-11700
-11744
-11752
-11778
-11855
-11949
-11932
-12002
-12007
-12005
-12074
-12079
-12102
-12124
-12146
-12237
-12327
-12416
-12414
-12433
-12434
-12453
-12472
-12491
-12509
-12456
-12505
-12491
-12507
-12594
-12698
-12765
-12763
-12761
-12759
-12757
-12773
-12771
-12773
-12807
-12822
-12819
-12802
-12746
-12748
-12782
-12780
-12799
-12725
-12718
-12737
-12735
-12754
-12752
-12750
-12748
-12746
-12686
-12699
-12697
-12720
-12695
-12693
-12709
-12794
-12765
-12719
-12696
-12694
-12692
-12667
-12666
-12665
-12659
-12635
-12647
-12710
-12813
-12897
-12893
-12907
-12921
-12935
-12928
-12939
-12953
-12949
-12963
-12940
-12973
-12987
-12942
-12864
-12948
-12962
-12935
-12949
-13002
-13054
-13088
-13121
-13154
-13216
-13259
-13270
-13270
-13302
-13262
-13273
-13277
-13270
-13310
-13341
-13333
-13325
-13443
-13452
-13461
-13518
-13526
-13523
-13581
-13489
-13353
-13356
-13382
-13342
-13460
-13577
-13567
-13578
-13589
-13635
-13653
-13710
-13716
-13683
-13698
-13722
-13728
-13684
-13659
-13645
-13670
-13684
-13659
-13634
-13609
-13584
-13599
-13585
-13593
-13618
-13675
-13689
-13713
-13719
-13704
-13689
-13653
-13660
-13653
-13646
-13587
-13580
-13538
-13544
-13533
-13491
-13508
-13596
-13459
-13495
-13521
-13561
-13572
-13580
-13570
-13560
-13550
-13558
-13584
-13611
-13637
-13699
-13682
-13708
-13765
-13822
-13878
-13865
-13852
-13908
-13892
-13878
-13895
-13755
-13750
-13715
-13680
-13738
-13744
-13801
-13662
-13720
-13754
-13742
-13776
-13833
-13820
-13862
-13849
-13836
-13823
-13796
-13769
-13757
-13745
-13733
-13721
-13778
-13640
-13629
-13618
-13604
-13593
-13628
-13686
-13721
-13734
-13768
-13733
-13698
-13732
-13594
-13558
-13433
-13493
-13483
-13511
-13375
-13413
-13395
-13292
-13277
-13332
-13425
-13487
-13543
-13594
-13626
-13628
-13696
-13673
-13741
-13747
-13698
-13684
-13547
-13535
-13500
-13444
-13428
-13394
-13360
-13327
-13294
-13261
-13215
-13082
-12925
-12769
-12615
-12430
-12305
-12181
-12012
-11865
-11746
-11602
-11461
-11346
-11092
-10909
-10888
-10834
-10736
-10648
-10642
-10509
-10210
-10011
-9966
-9922
-9857
-9939
-9733
-9463
-9228
-8995
-8833
-8744
-8656
-8397
-8106
-7818
-7739
-7661
-7466
-7391
-7090
-7019
-6742
-6674
-6380
-6316
-6022
-5731
-5475
-5235
-5111
-5057
-5006
-4955
-4776
-4728
-4482
-4437
-4392
-4063
-3909
-3869
-3577
-3210
-2892
-2610
-2491
-2466
-2271
-2039
-1785
-1622
-1520
-1251
-1238
-1225
-927
-803
-516
-259
-12
267
264
457
595
547
600
630
691
684
666
659
607
600
661
704
741
723
715
778
770
821
812
803
762
754
740
732
724
716
708
680
695
688
681
736
728
720
703
821
793
779
771
763
755
747
745
683
676
669
662
655
648
641
634
627
620
613
606
599
593
587
581
575
569
563
660
724
716
708
821
812
803
794
809
853
958
948
1087
1193
1181
1169
1306
1409
1394
1380
1366
1412
1523
1507
1491
1579
1508
1562
1546
1530
1514
1498
1483
1468
1453
1438
1423
1408
1393
1400
1372
1347
1333
1319
1321
1306
1292
1251
1209
1196
1184
1172
1160
1148
1136
1124
1112
1124
1115
1103
1110
1158
1207
1194
1154
1142
1170
1158
1146
1134
1122
1110
1098
1087
1076
1065
1054
1043
1032
1021
1050
1041
1030
1019
1008
997
987
977
967
957
947
937
927
917
907
897
888
879
870
863
888
879
870
861
852
843
834
825
816
807
798
790
782
774
766
761
719
711
703
695
688
681
674
667
656
649
649
642
635
628
621
614
607
600
593
587
581
569
563
557
562
556
550
544
538
532
526
520
511
470
465
460
455
450
410
391
387
383
379
375
371
367
334
304
300
296
293
290
287
284
281
278
275
272
269
266
263
260
257
254
251
248
245
242
239
236
233
230
227
180
128
126
124
72
-42
-86
-85
-84
-83
-151
-149
-147
-145
-143
-141
-139
-137
-198
-196
-194
-192
-190
-188
-186
-184
-182
-180
-178
-176
-174
-259
-399
-482
-635
-628
-621
-614
-607
-600
-593
-587
-581
-575
-569
-563
-557
-551
-545
-539
-533
-527
-521
-515
-509
-503
-497
-492
-487
-482
-477
-639
-778
-770
-776
-982
-972
-962
-952
-942
-932
-922
-912
-902
-892
-883
-874
-865
-856
-847
-838
-829
-820
-811
-802
-793
-785
-777
-769
-761
-753
-745
-737
-729
-721
-713
-705
-697
-690
-683
-676
-669
-662
-655
-648
-641
-634
-627
-891
-911
-901
-891
-882
-873
-864
-855
-846
-837
-828
-819
-810
-801
-792
-784
-776
-903
-1162
-1150
-1138
-1126
-1114
-1102
-1090
-1079
-1068
-1057
-1046
-1035
-1024
-1013
-1002
-1148
-1362
-1458
-1443
-1428
-1413
-1398
-1384
-1370
-1356
-1342
-1328
-1314
-1300
-1286
-1273
-1260
-1395
-1381
-1367
-1429
-1414
-1399
-1384
-1370
-1356
-1342
-1328
-1314
-1300
-1286
-1273
-1260
-1247
-1234
-1221
-1208
-1195
-1183
-1171
-1159
-1147
-1135
-1123
-1111
-1059
-1048
-1037
-1026
-1015
-1004
-993
-1134
-1144
-1132
-1120
-1108
-1104
-1092
-1081
-1110
-1098
-1087
-1163
-1151
-1139
-1127
-1115
-1103
-1091
-1080
-1106
-1094
-1138
-1126
-1114
-1102
-1090
-1079
-1068
-1057
-1046
-1035
-1024
-1013
-1002
-991
-981
-971
-961
-951
-941
-931
-921
-911
-901
-891
-882
-873
-864
-855
-846
-837
-828
-917
-1014
-1107
-1095
-1084
-1073
-1062
-1051
-1040
-1029
-1018
-1007
-996
-986
-976
-966
-956
-1025
-1014
-1056
-1045
-1034
-1023
-1012
-1001
-990
-980
-970
-960
-950
-940
-930
-1017
-970
-960
-950
-940
-930
-920
-910
-900
-890
-953
-943
-933
-923
-989
-979
-969
-959
-949
-1039
-1006
-995
-985
-975
-965
-955
-945
-935
-925
-915
-905
-1037
-1066
-1055
-1044
-1033
-1022
-1011
-1000
-989
-979
-969
-959
-949
-939
-1013
-1002
-991
-981
-1036
-1100
-1088
-1077
-1066
-1055
-1044
-1033
-1022
-1138
-1126
-1114
-1102
-1090
-1079
-1068
-1057
-1046
-1035
-1237
-1242
-1229
-1216
-1203
-1190
-1263
-1250
-1237
-1361
-1347
-1333
-1319
-1305
-1291
-1278
-1265
-1252
-1239
-1226
-1213
-1200
-1187
-1175
-1163
-1151
-1139
-1127
-1115
-1103
-1091
-1080
-1069
-1058
-1047
-1036
-1167
-1149
-1137
-1125
-1113
-1101
-1089
-1078
-1067
-1056
-1045
-1034
-1023
-1012
-1001
-938
-928
-918
-908
-933
-923
-913
-903
-893
-884
-875
-866
-857
-848
-839
-830
-821
-812
-803
-794
-786
-778
-770
-762
-921
-971
-961
-951
-941
-931
-921
-911
-901
-891
-882
-873
-864
-855
-846
-837
-889
-880
-846
-837
-828
-819
-810
-801
-792
-784
-776
-768
-760
-752
-744
-736
-728
-720
-717
-709
-657
-650
-643
-636
-629
-622
-615
-608
-601
-594
-588
-582
-576
-570
-564
-634
-555
-549
-543
-584
-646
-639
-632
-625
-618
-611
-604
-597
-591
-697
-690
-806
-870
-861
-852
-843
-834
-825
-816
-807
-798
-790
-782
-774
-766
-758
-750
-742
-734
-726
-854
-930
-920
-910
-900
-890
-881
-872
-863
-854
-845
-836
-827
-818
-809
-800
-831
-716
-708
-700
-692
-685
-678
-671
-664
-657
-650
-643
-636
-629
-622
-615
-608
-574
-569
-702
-694
-687
-680
-673
-666
-659
-652
-645
-638
-631
-624
-617
-610
-603
-596
-590
-689
-791
-783
-775
-767
-759
-751
-743
-735
-727
-719
-711
-703
-695
-688
-681
-674
-667
-771
-763
-763
-755
-747
-739
-731
-723
-715
-707
-699
-692
-685
-678
-671
-664
-657
-650
-643
-636
-703
-751
-743
-751
-743
-735
-727
-719
-711
-703
-695
-688
-681
-674
-667
-660
-653
-646
-790
-729
-721
-713
-705
-697
-690
-683
-676
-669
-662
-655
-648
-641
-634
-627
-620
-680
-611
-604
-597
-591
-585
-579
-573
-567
-542
-590
-584
-578
-572
-566
-560
-554
-548
-542
-536
-531
-488
-483
-478
-473
-468
-463
-458
-509
-503
-497
-548
-542
-536
-530
-524
-518
-512
-506
-500
-463
-431
-426
-421
-416
-411
-406
-401
-396
-392
-388
-384
-380
-376
-372
-368
-377
-373
-389
-385
-351
-347
-260
-257
-254
-251
-248
-245
-242
-239
-236
-233
-230
-227
-224
-221
-159
-268
-265
-262
-259
-256
-253
-250
-247
-244
-241
-238
-235
-232
-229
-226
-223
-220
-314
-293
-290
-287
-284
-281
-278
-275
-272
-269
-266
-263
-260
-257
-254
-327
-283
-280
-277
-274
-271
-268
-265
-262
-259
-256
-253
-250
-247
-244
-241
-325
-285
-282
-279
-276
-273
-347
-431
-426
-421
-482
-477
-527
-521
-515
-630
-623
-659
-652
-645
-638
-631
-624
-617
-610
-603
-596
-590
-584
-578
-572
-566
-560
-634
-699
-692
-685
-678
-671
-664
-657
-650
-643
-636
-629
-656
-649
-797
-843
-834
-904
-1042
-1031
-1013
-1002
-991
-981
-971
-961
-951
-941
-931
-921
-911
-957
-1026
-1015
-1004
-993
-983
-973
-963
-953
-943
-933
-923
-913
-903
-893
-884
-954
-1013
-1002
-991
-981
-971
-961
-951
-941
-931
-921
-911
-901
-891
-985
-945
-935
-925
-915
-905
-895
-886
-877
-955
-991
-981
-971
-961
-951
-941
-931
-921
-884
-875
-898
-994
-1132
-1120
-1108
-1326
-1384
-1370
-1356
-1342
-1328
-1314
-1448
-1446
-1431
-1416
-1401
-1379
-1399
-1384
-1370
-1356
-1342
-1328
-1314
-1300
-1352
-1372
-1358
-1344
-1330
-1316
-1302
-1288
-1275
-1262
-1299
-1331
-1317
-1303
-1289
-1373
-1359
-1447
-1432
-1417
-1481
-1466
-1451
-1436
-1421
-1406
-1391
-1377
-1363
-1349
-1335
-1321
-1307
-1293
-1280
-1267
-1254
-1241
-1228
-1215
-1180
-1172
-1160
-1148
-1136
-1124
-1112
-1100
-1088
-1133
-1121
-1109
-1097
-1142
-1130
-1118
-1106
-1093
-1082
-1071
-1063
-1045
-1034
-1065
-1054
-1043
-1032
-1087
-1170
-1235
-1247
-1234
-1279
-1330
-1316
-1302
-1288
-1275
-1262
-1249
-1282
-1306
-1292
-1279
-1266
-1240
-1304
-1302
-1336
-1416
-1526
-1510
-1542
-1579
-1563
-1618
-1667
-1721
-1756
-1791
-1832
-1890
-1935
-1915
-1958
-1938
-1918
-1898
-1924
-1992
-2060
-2039
-2107
-2085
-2064
-2138
-2116
-2129
-2148
-2138
-2121
-2140
-2200
-2266
-2252
-2318
-2342
-2416
-2496
-2558
-2635
-2608
-2581
-2555
-2529
-2601
-2624
-2597
-2571
-2615
-2621
-2646
-2660
-2665
-2638
-2611
-2614
-2631
-2604
-2664
-2710
-2753
-2814
-2908
-2972
-2942
-3006
-3082
-3051
-3082
-3140
-3202
-3313
-3405
-3370
-3498
-3601
-3727
-3867
-3828
-3967
-4051
-4177
-4258
-4215
-4245
-4254
-4302
-4306
-4299
-4381
-4428
-4527
-4636
-4733
-4829
-4906
-5000
-5093
-5204
-5295
-5241
-5314
-5386
-5458
-5529
-5546
-5574
-5630
-5685
-5772
-5858
-5925
-6009
-6028
-6079
-6018
-6083
-6148
-6212
-6293
-6356
-6418
-6479
-6558
-6636
-6713
-6800
-6886
-6817
-6921
-6977
-7051
-7124
-7178
-7250
-7177
-7249
-7371
-7441
-7492
-7543
-7467
-7508
-7587
-7637
-7686
-7753
-7830
-7892
-7968
-7982
-8043
-8092
-8205
-8248
-8341
-8433
-8348
-8458
-8549
-8657
-8570
-8649
-8562
-8631
-8727
-8797
-8873
-8949
-9053
-9156
-9258
-9341
-9441
-9504
-9555
-9642
-9721
-9767
-9863
-9940
-9984
-10057
-10150
-10203
-10294
-10366
-10424
-10513
-10562
-10608
-10638
-10686
-10752
-10644
-10692
-10721
-10786
-10833
-10765
-10812
-10703
-10739
-10804
-10850
-10914
-10959
-11004
-11048
-11092
-10980
-11041
-11113
-11156
-11044
-10933
-10967
-11012
-11045
-10934
-10958
-10982
-10872
-10936
-10970
-10860
-10906
-10958
-11021
-11083
-10972
-11024
-11155
-11256
-11356
-11397
-11506
-11575
-11653
-11691
-11815
-11851
-11887
-11923
-11947
-11971
-12006
-12011
-12034
-12050
-12084
-12136
-12187
-12220
-12270
-12320
-12369
-12400
-12448
-12478
-12497
-12523
-12552
-12599
-12472
-12502
-12549
-12594
-12569
-12527
-12574
-12603
-12476
-12506
-12517
-12564
-12593
-12466
-12514
-12561
-12608
-12657
-12685
-12713
-12758
-12843
-12787
-12796
-12811
-12682
-12699
-12708
-12801
-12857
-12941
-13035
-13146
-13169
-13261
-13262
-13302
-13168
-13170
-13251
-13118
-12986
-12856
-12871
-12897
-12940
-13073
-13166
-13189
-13056
-13080
-13065
-13158
-13160
-13183
-13224
-13246
-13268
-13290
-13380
-13438
-13492
-13520
-13500
-13540
-13559
-13647
-13662
-13716
-13751
-13736
-13753
-13780
-13797
-13795
-13782
-13644
-13507
-13544
-13563
-13582
-13580
-13444
-13482
-13520
-13507
-13526
-13545
-13409
-13447
-13456
-13321
-13342
-13363
-13229
-13096
-13105
-13096
-13090
-12958
-12933
-12919
-12789
-12872
-12916
-12998
-13043
-13038
-13080
-13104
-13116
-13128
-12996
-13009
-13004
-12996
-13030
-13022
-13014
-12883
-12785
-12741
-12718
-12695
-12619
-12597
-12625
-12632
-12660
-12659
-12637
-12665
-12682
-12699
-12665
-12538
-12549
-12567
-12596
-12469
-12344
-12220
-12097
-12119
-12152
-12030
-11909
-11933
-11939
-11819
-11700
-11687
-11746
-11852
-11957
-11837
-11883
-11764
-11783
-11665
-11703
-11585
-11469
-11354
-11374
-11260
-11147
-11035
-11093
-11072
-10961
-10851
-10742
-10634
-10527
-10421
-10316
-10212
-10279
-10329
-10225
-10122
-10020
-9919
-9819
-9720
-9622
-9525
-9552
-9550
-9454
-9359
-9265
-9172
-9142
-9201
-9108
-9117
-9178
-9159
-9067
-9138
-9105
-9107
-9159
-9186
-9256
-9163
-9183
-9200
-9253
-9254
-9294
-9333
-9372
-9411
-9410
-9430
-9429
-9428
-9466
-9517
-9515
-9474
-9473
-9454
-9359
-9372
-9278
-9240
-9191
-9163
-9147
-9110
-9091
-9124
-9174
-9224
-9255
-9304
-9368
-9398
-9355
-9350
-9363
-9370
-9434
-9428
-9333
-9397
-9302
-9297
-9235
-9231
-9308
-9303
-9209
-9136
-9044
-9095
-9133
-9199
-9106
-9115
-9181
-9247
-9243
-9215
-9256
-9169
-9064
-9084
-9058
-8998
-8972
-8882
-8793
-8769
-8687
-8600
-8512
-8491
-8391
-8285
-8153
-8070
-7988
-7884
-7805
-7734
-7553
-7477
-7299
-7133
-6990
-6920
-6850
-6678
-6508
-6442
-6306
-6173
-6111
-5978
-5860
-5766
-5641
-5494
-5381
-5260
-5207
-5154
-5102
-5050
-4999
-4889
-4840
-4868
-4815
-4774
-4783
-4789
-4741
-4804
-4719
-4613
-4442
-4330
-4249
-4148
-4081
-4096
-4055
-4014
-3973
-3940
-3900
-3759
-3638
-3601
-3632
-3562
-3446
-3467
-3475
-3486
-3451
-3416
-3381
-3459
-3424
-3389
-3377
-3338
-3266
-3255
-3165
-3026
-3026
-3013
-2930
-2900
-2870
-2841
-2794
-2748
-2720
-2692
-2581
-2527
-2501
-2475
-2450
-2341
-2160
-1967
-1947
-1768
-1597
-1558
-1443
-1428
-1361
-1259
-1215
-1272
-1305
-1291
-1176
-1099
-953
-943
-808
-739
-782
-774
-766
-803
-794
-832
-800
-831
-794
-689
-682
-643
-633
-600
-529
-523
-533
-575
-649
-642
-704
-662
-726
-718
-710
-639
-632
-585
-616
-723
-715
-707
-800
-791
-884
-976
-1033
-1023
-1012
-1001
-990
-980
-970
-960
-950
-940
-930
-920
-910
-900
-890
-881
-872
-863
-921
-878
-844
-911
-847
-838
-837
-828
-819
-845
-859
-866
-857
-848
-761
-756
-748
-743
-735
-727
-719
-711
-703
-796
-788
-894
-885
-876
-902
-944
-934
-894
-885
-883
-874
-965
-955
-945
-935
-925
-915
-905
-895
-886
-877
-868
-922
-912
-902
-1015
-1091
-1080
-1044
-1033
-1022
-1087
-1076
-1065
-1054
-1167
-1367
-1353
-1339
-1438
-1458
-1537
-1521
-1575
-1559
-1617
-1674
-1731
-1713
-1881
-1862
-1995
-2139
-2187
-2165
-2256
-2268
-2245
-2410
-2493
-2468
-2529
-2503
-2551
-2525
-2651
-2624
-2597
-2659
-2745
-2799
-2770
-2777
-2836
-2885
-2856
-2827
-2875
-2846
-2875
-2846
-2914
-2994
-2960
-3086
-3264
-3231
-3198
-3165
-3150
-3101
-3086
-3055
-3024
-3040
-3009
-2978
-3095
-3133
-3237
-3204
-3171
-3139
-3268
-3348
-3477
-3605
-3617
-3580
-3611
-3574
-3777
-3848
-4003
-4048
-4007
-3966
-3926
-4046
-4140
-4192
-4293
-4375
-4331
-4343
-4299
-4376
-4407
-4362
-4318
-4274
-4231
-4188
-4146
-4104
-4062
-4079
-4038
-4084
-4043
-4205
-4162
-4120
-4078
-4037
-3996
-3956
-3916
-3876
-3837
-3798
-3987
-4081
-4040
-3999
-3958
-3918
-3878